prefecture,municipality,location_key,applicant_count,avg_age,male_count,female_count,avg_qualifications,latitude,longitude
京都府,京都市伏見区,京都府京都市伏見区,1748,48.7408466819222,628,1120,1.715675057208238,34.9327,135.7656
京都府,京都市右京区,京都府京都市右京区,1118,48.772808586762075,388,730,1.661896243291592,35.0152,135.7117
京都府,京都市山科区,京都府京都市山科区,1033,48.156824782187805,352,681,1.702807357212004,34.9777,135.8172
京都府,京都市西京区,京都府京都市西京区,922,47.915401301518436,339,583,1.7288503253796095,34.9843,135.6959
京都府,京都市南区,京都府京都市南区,885,46.88587570621469,317,568,1.8124293785310734,34.9796,135.7478
京都府,宇治市,京都府宇治市,873,48.11683848797251,276,597,1.722794959908362,34.8842,135.7991
京都府,京都市中京区,京都府京都市中京区,818,46.9119804400978,303,515,1.8508557457212713,35.0063,135.7561
京都府,京都市下京区,京都府京都市下京区,804,46.56218905472637,301,503,1.9191542288557213,34.9872,135.7575
京都府,京都市上京区,京都府京都市上京区,612,49.388888888888886,242,370,1.8545751633986929,35.0307,135.7489
京都府,京都市左京区,京都府京都市左京区,610,48.15245901639344,237,373,1.7426229508196722,35.0456,135.783
京都府,京都市北区,京都府京都市北区,595,47.08739495798319,225,370,1.642016806722689,35.0397,135.7556
京都府,,京都府,500,46.102,233,267,2.182,35.02,135.75
京都府,長岡京市,京都府長岡京市,481,49.36174636174636,154,327,1.9563409563409564,34.9268,135.6959
大阪府,枚方市,大阪府枚方市,432,48.719907407407405,175,257,2.3912037037037037,34.8141,135.6513
京都府,木津川市,京都府木津川市,418,49.85167464114833,144,274,1.9808612440191387,34.7367,135.82
京都府,八幡市,京都府八幡市,389,49.35218508997429,149,240,1.93573264781491,34.8733,135.7095
京都府,城陽市,京都府城陽市,379,49.02374670184697,129,250,1.8997361477572559,34.8524,135.7799
京都府,京都市東山区,京都府京都市東山区,358,48.67877094972067,146,212,1.958100558659218,34.9963,135.7774
滋賀県,大津市,滋賀県大津市,343,47.02332361516035,149,194,2.2565597667638486,35.0047,135.8686
奈良県,奈良市,奈良県奈良市,327,50.782874617737,114,213,2.3486238532110093,34.6851,135.805
京都府,向日市,京都府向日市,327,49.018348623853214,114,213,2.015290519877676,34.9479,135.6984
京都府,亀岡市,京都府亀岡市,308,47.02597402597402,105,203,1.4123376623376624,35.0139,135.5739
京都府,京田辺市,京都府京田辺市,302,48.71854304635762,98,204,1.966887417218543,34.814,135.7691
大阪府,高槻市,大阪府高槻市,237,47.41772151898734,117,120,2.388185654008439,34.8466,135.6166
京都府,相楽郡精華町,京都府相楽郡精華町,184,48.619565217391305,60,124,2.108695652173913,34.7605,135.7831
滋賀県,草津市,滋賀県草津市,161,46.98757763975155,70,91,2.372670807453416,35.0171,135.9591
大阪府,,大阪府,160,42.59375,89,71,2.6125,34.69,135.5
大阪府,大阪市北区,大阪府大阪市北区,159,44.704402515723274,85,74,2.7358490566037736,34.7024,135.5023
京都府,福知山市,京都府福知山市,153,43.81699346405229,50,103,1.3594771241830066,35.2971,135.1253
京都府,舞鶴市,京都府舞鶴市,141,42.234042553191486,38,103,1.2836879432624113,35.4745,135.3863
大阪府,茨木市,大阪府茨木市,140,48.90714285714286,70,70,2.55,34.8166,135.5683
京都府,南丹市,京都府南丹市,135,46.614814814814814,49,86,1.5333333333333334,35.1087,135.4687
大阪府,東大阪市,大阪府東大阪市,130,50.5,64,66,2.8,34.6794,135.6006
大阪府,寝屋川市,大阪府寝屋川市,129,47.41860465116279,68,61,2.550387596899225,34.7663,135.6276
大阪府,吹田市,大阪府吹田市,115,45.38260869565217,68,47,2.7217391304347824,34.7614,135.5155
大阪府,大阪市中央区,大阪府大阪市中央区,111,43.18018018018018,56,55,2.72972972972973,34.6841,135.5123
大阪府,交野市,大阪府交野市,108,49.574074074074076,44,64,2.6574074074074074,34.7875,135.6801
大阪府,豊中市,大阪府豊中市,105,44.98095238095238,56,49,2.6,34.7814,135.4693
大阪府,大阪市東淀川区,大阪府大阪市東淀川区,101,48.227722772277225,56,45,2.9405940594059405,34.7291,135.529
京都府,久世郡久御山町,京都府久世郡久御山町,101,48.148514851485146,34,67,2.0396039603960396,34.8889,135.75
大阪府,大阪市淀川区,大阪府大阪市淀川区,96,46.552083333333336,61,35,3.0833333333333335,34.7137,135.4808
奈良県,生駒市,奈良県生駒市,93,51.03225806451613,32,61,2.4946236559139785,34.6915,135.7004
大阪府,守口市,大阪府守口市,90,49.44444444444444,54,36,2.588888888888889,34.7383,135.562
京都府,乙訓郡大山崎町,京都府乙訓郡大山崎町,85,49.6,22,63,1.8705882352941177,34.8965,135.6846
大阪府,大阪市生野区,大阪府大阪市生野区,80,47.45,48,32,2.85,34.6619,135.5262
大阪府,大阪市平野区,大阪府大阪市平野区,79,47.53164556962025,42,37,2.607594936708861,34.6197,135.5543
大阪府,大阪市都島区,大阪府大阪市都島区,78,44.64102564102564,42,36,2.8076923076923075,34.7036,135.5311
大阪府,大阪市城東区,大阪府大阪市城東区,77,45.63636363636363,45,32,2.6493506493506493,34.6961,135.5451
滋賀県,守山市,滋賀県守山市,77,46.701298701298704,35,42,2.6493506493506493,35.0586,135.9935
大阪府,大阪市西成区,大阪府大阪市西成区,75,47.29333333333334,43,32,2.9066666666666667,34.69,135.5
滋賀県,栗東市,滋賀県栗東市,75,46.54666666666667,31,44,2.533333333333333,35.0,135.87
大阪府,大阪市浪速区,大阪府大阪市浪速区,75,48.0,40,35,2.9066666666666667,34.69,135.5
奈良県,大和郡山市,奈良県大和郡山市,75,52.88,31,44,2.5866666666666664,34.69,135.83
兵庫県,尼崎市,兵庫県尼崎市,66,46.09090909090909,43,23,2.4696969696969697,34.69,135.18
大阪府,門真市,大阪府門真市,66,49.31818181818182,35,31,2.5757575757575757,34.69,135.5
大阪府,大阪市西区,大阪府大阪市西区,62,44.46774193548387,33,29,2.806451612903226,34.69,135.5
大阪府,大阪市住吉区,大阪府大阪市住吉区,59,47.101694915254235,30,29,2.9322033898305087,34.69,135.5
大阪府,八尾市,大阪府八尾市,59,47.101694915254235,28,31,2.593220338983051,34.69,135.5
京都府,京丹後市,京都府京丹後市,58,47.3448275862069,14,44,0.896551724137931,35.02,135.75
大阪府,大阪市天王寺区,大阪府大阪市天王寺区,58,46.827586206896555,26,32,2.8620689655172415,34.69,135.5
大阪府,大東市,大阪府大東市,57,50.228070175438596,31,26,2.982456140350877,34.69,135.5
大阪府,大阪市西淀川区,大阪府大阪市西淀川区,57,43.80701754385965,31,26,2.7017543859649122,34.69,135.5
兵庫県,西宮市,兵庫県西宮市,56,44.875,31,25,2.982142857142857,34.69,135.18
大阪府,大阪市旭区,大阪府大阪市旭区,56,45.892857142857146,37,19,2.892857142857143,34.69,135.5
滋賀県,,滋賀県,56,44.42857142857143,30,26,2.75,35.0,135.87
大阪府,大阪市東成区,大阪府大阪市東成区,55,47.472727272727276,29,26,2.6545454545454548,34.69,135.5
大阪府,大阪市鶴見区,大阪府大阪市鶴見区,54,48.22222222222222,32,22,2.759259259259259,34.69,135.5
大阪府,箕面市,大阪府箕面市,53,47.924528301886795,29,24,2.7169811320754715,34.69,135.5
大阪府,大阪市東住吉区,大阪府大阪市東住吉区,53,46.79245283018868,24,29,2.4716981132075473,34.69,135.5
大阪府,大阪市阿倍野区,大阪府大阪市阿倍野区,53,47.113207547169814,27,26,2.830188679245283,34.69,135.5
兵庫県,,兵庫県,52,43.28846153846154,36,16,2.9038461538461537,34.69,135.18
大阪府,摂津市,大阪府摂津市,52,44.75,36,16,2.6923076923076925,34.69,135.5
大阪府,三島郡島本町,大阪府三島郡島本町,51,51.11764705882353,21,30,2.4705882352941178,34.69,135.5
大阪府,大阪市福島区,大阪府大阪市福島区,49,46.0,21,28,2.7346938775510203,34.69,135.5
奈良県,,奈良県,46,47.21739130434783,24,22,2.3043478260869565,34.69,135.83
京都府,綾部市,京都府綾部市,44,44.43181818181818,19,25,1.75,35.02,135.75
大阪府,大阪市住之江区,大阪府大阪市住之江区,42,46.095238095238095,22,20,2.5952380952380953,34.69,135.5
滋賀県,野洲市,滋賀県野洲市,41,44.41463414634146,17,24,2.6097560975609757,35.0,135.87
奈良県,天理市,奈良県天理市,38,51.86842105263158,14,24,2.6578947368421053,34.69,135.83
京都府,与謝郡与謝野町,京都府与謝郡与謝野町,38,46.73684210526316,13,25,1.263157894736842,35.02,135.75
奈良県,橿原市,奈良県橿原市,38,49.63157894736842,15,23,2.763157894736842,34.69,135.83
大阪府,堺市北区,大阪府堺市北区,37,47.45945945945946,20,17,2.5405405405405403,34.69,135.5
京都府,綴喜郡宇治田原町,京都府綴喜郡宇治田原町,35,43.97142857142857,16,19,1.8285714285714285,35.02,135.75
兵庫県,宝塚市,兵庫県宝塚市,35,45.542857142857144,18,17,2.2285714285714286,34.69,135.18
京都府,綴喜郡井手町,京都府綴喜郡井手町,34,52.26470588235294,10,24,2.0294117647058822,35.02,135.75
滋賀県,彦根市,滋賀県彦根市,33,44.36363636363637,15,18,1.9393939393939394,35.0,135.87
京都府,宮津市,京都府宮津市,33,49.09090909090909,13,20,1.5757575757575757,35.02,135.75
大阪府,池田市,大阪府池田市,33,49.90909090909091,20,13,3.1515151515151514,34.69,135.5
大阪府,大阪市此花区,大阪府大阪市此花区,32,48.625,17,15,3.0,34.69,135.5
大阪府,大阪市港区,大阪府大阪市港区,32,50.5625,17,15,3.03125,34.69,135.5
大阪府,堺市堺区,大阪府堺市堺区,31,51.38709677419355,17,14,3.0,34.69,135.5
兵庫県,神戸市中央区,兵庫県神戸市中央区,30,43.5,16,14,2.5,34.69,135.18
東京都,渋谷区,東京都渋谷区,30,45.96666666666667,19,11,2.966666666666667,35.69,139.69
兵庫県,神戸市灘区,兵庫県神戸市灘区,30,46.666666666666664,15,15,2.3333333333333335,34.69,135.18
兵庫県,伊丹市,兵庫県伊丹市,30,48.0,19,11,2.966666666666667,34.69,135.18
大阪府,四條畷市,大阪府四條畷市,29,53.58620689655172,12,17,2.896551724137931,34.69,135.5
大阪府,堺市中区,大阪府堺市中区,29,45.44827586206897,15,14,2.5172413793103448,34.69,135.5
大阪府,大阪市大正区,大阪府大阪市大正区,28,48.92857142857143,15,13,2.357142857142857,34.69,135.5
京都府,船井郡京丹波町,京都府船井郡京丹波町,26,47.53846153846154,9,17,1.1923076923076923,35.02,135.75
東京都,大田区,東京都大田区,26,49.0,11,15,2.6923076923076925,35.69,139.69
東京都,世田谷区,東京都世田谷区,26,44.88461538461539,15,11,3.1538461538461537,35.69,139.69
東京都,,東京都,26,41.15384615384615,16,10,2.3846153846153846,35.69,139.69
兵庫県,神戸市北区,兵庫県神戸市北区,25,44.92,17,8,2.6,34.69,135.18
兵庫県,芦屋市,兵庫県芦屋市,25,44.92,14,11,2.68,34.69,135.18
兵庫県,川西市,兵庫県川西市,25,50.68,15,10,2.6,34.69,135.18
兵庫県,神戸市東灘区,兵庫県神戸市東灘区,25,44.64,16,9,3.12,34.69,135.18
大阪府,堺市南区,大阪府堺市南区,24,44.0,9,15,2.3333333333333335,34.69,135.5
東京都,練馬区,東京都練馬区,24,46.375,11,13,2.5833333333333335,35.69,139.69
東京都,杉並区,東京都杉並区,24,43.416666666666664,14,10,3.1666666666666665,35.69,139.69
大阪府,羽曳野市,大阪府羽曳野市,24,46.375,12,12,2.9166666666666665,34.69,135.5
東京都,港区,東京都港区,24,44.041666666666664,12,12,3.0833333333333335,35.69,139.69
東京都,文京区,東京都文京区,23,49.130434782608695,12,11,2.782608695652174,35.69,139.69
大阪府,堺市西区,大阪府堺市西区,23,44.73913043478261,13,10,2.217391304347826,34.69,135.5
滋賀県,湖南市,滋賀県湖南市,22,48.59090909090909,8,14,2.409090909090909,35.0,135.87
福井県,大飯郡高浜町,福井県大飯郡高浜町,22,40.36363636363637,5,17,2.409090909090909,36.07,136.22
神奈川県,横浜市港北区,神奈川県横浜市港北区,22,44.45454545454545,11,11,3.0454545454545454,35.45,139.64
大阪府,和泉市,大阪府和泉市,22,45.5,12,10,2.8181818181818183,34.69,135.5
神奈川県,横浜市青葉区,神奈川県横浜市青葉区,22,43.90909090909091,12,10,2.4545454545454546,35.45,139.64
東京都,新宿区,東京都新宿区,22,47.18181818181818,13,9,2.9545454545454546,35.69,139.69
大阪府,藤井寺市,大阪府藤井寺市,22,50.04545454545455,7,15,2.8636363636363638,34.69,135.5
東京都,板橋区,東京都板橋区,22,45.81818181818182,14,8,3.1818181818181817,35.69,139.69
東京都,品川区,東京都品川区,21,42.80952380952381,10,11,2.7142857142857144,35.69,139.69
奈良県,磯城郡田原本町,奈良県磯城郡田原本町,21,48.714285714285715,9,12,3.0,34.69,135.83
大阪府,岸和田市,大阪府岸和田市,21,49.285714285714285,11,10,3.0476190476190474,34.69,135.5
大阪府,松原市,大阪府松原市,21,50.0,12,9,3.238095238095238,34.69,135.5
神奈川県,,神奈川県,20,41.5,14,6,2.6,35.45,139.64
神奈川県,横浜市南区,神奈川県横浜市南区,20,45.7,11,9,3.3,35.45,139.64
奈良県,生駒郡三郷町,奈良県生駒郡三郷町,20,54.95,11,9,2.85,34.69,135.83
滋賀県,甲賀市,滋賀県甲賀市,20,49.0,9,11,1.8,35.0,135.87
千葉県,船橋市,千葉県船橋市,20,47.8,13,7,3.9,35.61,140.11
滋賀県,近江八幡市,滋賀県近江八幡市,19,46.78947368421053,11,8,2.736842105263158,35.0,135.87
奈良県,北葛城郡王寺町,奈良県北葛城郡王寺町,19,49.21052631578947,10,9,2.789473684210526,34.69,135.83
神奈川県,横浜市緑区,神奈川県横浜市緑区,19,42.473684210526315,10,9,2.9473684210526314,35.45,139.64
兵庫県,丹波市,兵庫県丹波市,19,41.10526315789474,5,14,2.4210526315789473,34.69,135.18
埼玉県,川口市,埼玉県川口市,19,38.8421052631579,14,5,3.1052631578947367,35.86,139.65
愛知県,,愛知県,19,38.26315789473684,13,6,3.0526315789473686,35.18,136.91
千葉県,柏市,千葉県柏市,18,49.22222222222222,8,10,2.7777777777777777,35.61,140.11
奈良県,香芝市,奈良県香芝市,18,47.611111111111114,10,8,3.1666666666666665,34.69,135.83
東京都,足立区,東京都足立区,18,48.888888888888886,9,9,2.9444444444444446,35.69,139.69
東京都,町田市,東京都町田市,18,45.72222222222222,10,8,2.388888888888889,35.69,139.69
神奈川県,川崎市川崎区,神奈川県川崎市川崎区,18,46.05555555555556,12,6,3.2222222222222223,35.45,139.64
東京都,目黒区,東京都目黒区,18,41.22222222222222,9,9,2.6666666666666665,35.69,139.69
神奈川県,藤沢市,神奈川県藤沢市,18,43.111111111111114,10,8,3.0555555555555554,35.45,139.64
大阪府,富田林市,大阪府富田林市,17,47.88235294117647,9,8,3.1176470588235294,34.69,135.5
奈良県,生駒郡平群町,奈良県生駒郡平群町,17,54.11764705882353,8,9,2.9411764705882355,34.69,135.83
兵庫県,明石市,兵庫県明石市,17,50.05882352941177,10,7,2.4705882352941178,34.69,135.18
兵庫県,神戸市西区,兵庫県神戸市西区,17,48.88235294117647,9,8,3.176470588235294,34.69,135.18
東京都,千代田区,東京都千代田区,17,41.11764705882353,12,5,3.176470588235294,35.69,139.69
兵庫県,姫路市,兵庫県姫路市,17,42.94117647058823,7,10,3.0588235294117645,34.69,135.18
神奈川県,横浜市中区,神奈川県横浜市中区,17,42.8235294117647,7,10,3.1176470588235294,35.45,139.64
滋賀県,長浜市,滋賀県長浜市,17,44.0,9,8,1.5294117647058822,35.0,135.87
東京都,江戸川区,東京都江戸川区,17,44.76470588235294,11,6,3.411764705882353,35.69,139.69
奈良県,生駒郡斑鳩町,奈良県生駒郡斑鳩町,17,56.411764705882355,7,10,2.8823529411764706,34.69,135.83
神奈川県,鎌倉市,神奈川県鎌倉市,17,43.05882352941177,9,8,2.8823529411764706,35.45,139.64
東京都,江東区,東京都江東区,17,44.94117647058823,9,8,2.764705882352941,35.69,139.69
兵庫県,丹波篠山市,兵庫県丹波篠山市,16,43.625,9,7,2.25,34.69,135.18
千葉県,市川市,千葉県市川市,16,48.5625,9,7,3.375,35.61,140.11
兵庫県,神戸市垂水区,兵庫県神戸市垂水区,16,46.1875,9,7,2.5,34.69,135.18
愛知県,名古屋市中村区,愛知県名古屋市中村区,16,43.625,10,6,2.8125,35.18,136.91
神奈川県,川崎市宮前区,神奈川県川崎市宮前区,16,48.0,8,8,2.875,35.45,139.64
滋賀県,東近江市,滋賀県東近江市,16,40.25,7,9,1.4375,35.0,135.87
大阪府,堺市東区,大阪府堺市東区,16,43.1875,6,10,2.5625,34.69,135.5
岐阜県,岐阜市,岐阜県岐阜市,15,50.333333333333336,10,5,3.0,35.39,136.72
神奈川県,横浜市戸塚区,神奈川県横浜市戸塚区,15,50.53333333333333,7,8,3.066666666666667,35.45,139.64
愛知県,名古屋市緑区,愛知県名古屋市緑区,15,43.266666666666666,8,7,2.933333333333333,35.18,136.91
奈良県,大和高田市,奈良県大和高田市,15,47.4,8,7,3.2,34.69,135.83
兵庫県,三田市,兵庫県三田市,15,45.266666666666666,8,7,2.6,34.69,135.18
千葉県,千葉市中央区,千葉県千葉市中央区,15,45.6,10,5,2.8666666666666667,35.61,140.11
愛知県,名古屋市千種区,愛知県名古屋市千種区,15,43.266666666666666,9,6,4.0,35.18,136.91
兵庫県,神戸市兵庫区,兵庫県神戸市兵庫区,15,43.53333333333333,8,7,2.7333333333333334,34.69,135.18
東京都,北区,東京都北区,15,45.86666666666667,10,5,3.1333333333333333,35.69,139.69
神奈川県,横浜市都筑区,神奈川県横浜市都筑区,15,46.266666666666666,10,5,3.6,35.45,139.64
千葉県,松戸市,千葉県松戸市,15,46.4,11,4,3.466666666666667,35.61,140.11
神奈川県,大和市,神奈川県大和市,14,45.57142857142857,8,6,2.9285714285714284,35.45,139.64
東京都,台東区,東京都台東区,14,48.357142857142854,7,7,3.0,35.69,139.69
東京都,中央区,東京都中央区,14,45.142857142857146,8,6,3.357142857142857,35.69,139.69
東京都,八王子市,東京都八王子市,14,43.214285714285715,8,6,2.2857142857142856,35.69,139.69
神奈川県,横浜市鶴見区,神奈川県横浜市鶴見区,14,46.285714285714285,7,7,2.857142857142857,35.45,139.64
東京都,豊島区,東京都豊島区,14,44.57142857142857,6,8,2.642857142857143,35.69,139.69
愛知県,名古屋市天白区,愛知県名古屋市天白区,14,45.07142857142857,8,6,3.0,35.18,136.91
埼玉県,越谷市,埼玉県越谷市,14,42.0,9,5,3.142857142857143,35.86,139.65
東京都,葛飾区,東京都葛飾区,14,46.5,9,5,3.0,35.69,139.69
神奈川県,茅ヶ崎市,神奈川県茅ヶ崎市,14,46.142857142857146,10,4,4.071428571428571,35.45,139.64
和歌山県,和歌山市,和歌山県和歌山市,14,41.357142857142854,6,8,3.5714285714285716,34.23,135.17
千葉県,流山市,千葉県流山市,14,47.07142857142857,9,5,4.285714285714286,35.61,140.11
兵庫県,神戸市長田区,兵庫県神戸市長田区,14,42.785714285714285,8,6,2.7142857142857144,34.69,135.18
兵庫県,加古川市,兵庫県加古川市,14,46.714285714285715,8,6,2.4285714285714284,34.69,135.18
東京都,中野区,東京都中野区,13,44.53846153846154,6,7,2.5384615384615383,35.69,139.69
千葉県,習志野市,千葉県習志野市,13,44.69230769230769,7,6,2.923076923076923,35.61,140.11
神奈川県,相模原市南区,神奈川県相模原市南区,13,40.92307692307692,7,6,2.8461538461538463,35.45,139.64
大阪府,泉佐野市,大阪府泉佐野市,13,46.92307692307692,6,7,3.3846153846153846,34.69,135.5
愛知県,名古屋市中区,愛知県名古屋市中区,13,39.69230769230769,6,7,3.3076923076923075,35.18,136.91
神奈川県,横須賀市,神奈川県横須賀市,13,48.15384615384615,8,5,3.1538461538461537,35.45,139.64
福岡県,福岡市早良区,福岡県福岡市早良区,12,44.416666666666664,8,4,1.6666666666666667,33.61,130.42
神奈川県,川崎市多摩区,神奈川県川崎市多摩区,12,48.916666666666664,7,5,3.4166666666666665,35.45,139.64
大阪府,高石市,大阪府高石市,12,54.416666666666664,7,5,3.0833333333333335,34.69,135.5
千葉県,市原市,千葉県市原市,12,50.083333333333336,5,7,3.0,35.61,140.11
愛知県,名古屋市守山区,愛知県名古屋市守山区,12,42.583333333333336,5,7,3.25,35.18,136.91
兵庫県,神戸市須磨区,兵庫県神戸市須磨区,12,47.333333333333336,8,4,2.25,34.69,135.18
神奈川県,横浜市神奈川区,神奈川県横浜市神奈川区,12,46.083333333333336,6,6,3.5833333333333335,35.45,139.64
埼玉県,春日部市,埼玉県春日部市,12,48.5,8,4,5.25,35.86,139.65
神奈川県,川崎市中原区,神奈川県川崎市中原区,12,47.916666666666664,5,7,3.1666666666666665,35.45,139.64
埼玉県,,埼玉県,12,47.666666666666664,7,5,3.5,35.86,139.65
神奈川県,横浜市西区,神奈川県横浜市西区,12,40.916666666666664,7,5,3.25,35.45,139.64
大阪府,河内長野市,大阪府河内長野市,12,46.0,8,4,2.75,34.69,135.5
東京都,荒川区,東京都荒川区,12,40.75,5,7,2.9166666666666665,35.69,139.69
大阪府,柏原市,大阪府柏原市,12,47.416666666666664,5,7,2.9166666666666665,34.69,135.5
東京都,三鷹市,東京都三鷹市,12,41.5,6,6,2.6666666666666665,35.69,139.69
埼玉県,新座市,埼玉県新座市,11,48.90909090909091,8,3,3.1818181818181817,35.86,139.65
東京都,調布市,東京都調布市,11,44.36363636363637,7,4,2.909090909090909,35.69,139.69
奈良県,御所市,奈良県御所市,11,44.27272727272727,7,4,3.090909090909091,34.69,135.83
大阪府,泉大津市,大阪府泉大津市,11,53.36363636363637,7,4,3.4545454545454546,34.69,135.5
東京都,墨田区,東京都墨田区,11,41.27272727272727,6,5,3.1818181818181817,35.69,139.69
神奈川県,川崎市幸区,神奈川県川崎市幸区,11,46.81818181818182,7,4,3.1818181818181817,35.45,139.64
東京都,多摩市,東京都多摩市,11,48.18181818181818,5,6,2.909090909090909,35.69,139.69
埼玉県,所沢市,埼玉県所沢市,11,43.63636363636363,7,4,3.3636363636363638,35.86,139.65
埼玉県,さいたま市緑区,埼玉県さいたま市緑区,11,47.0,8,3,3.6363636363636362,35.86,139.65
埼玉県,さいたま市北区,埼玉県さいたま市北区,11,48.0,7,4,4.181818181818182,35.86,139.65
神奈川県,横浜市保土ケ谷区,神奈川県横浜市保土ケ谷区,11,41.54545454545455,5,6,3.272727272727273,35.45,139.64
奈良県,桜井市,奈良県桜井市,11,53.09090909090909,4,7,2.272727272727273,34.69,135.83
埼玉県,川越市,埼玉県川越市,11,49.45454545454545,8,3,3.8181818181818183,35.86,139.65
千葉県,,千葉県,11,46.90909090909091,6,5,2.8181818181818183,35.61,140.11
埼玉県,さいたま市大宮区,埼玉県さいたま市大宮区,11,51.0,7,4,3.4545454545454546,35.86,139.65
神奈川県,相模原市中央区,神奈川県相模原市中央区,11,46.81818181818182,7,4,3.727272727272727,35.45,139.64
福岡県,福岡市東区,福岡県福岡市東区,11,45.09090909090909,5,6,2.4545454545454546,33.61,130.42
福岡県,福岡市南区,福岡県福岡市南区,11,51.54545454545455,6,5,2.5454545454545454,33.61,130.42
埼玉県,さいたま市西区,埼玉県さいたま市西区,11,43.27272727272727,8,3,3.0,35.86,139.65
大阪府,大阪狭山市,大阪府大阪狭山市,11,42.54545454545455,5,6,2.5454545454545454,34.69,135.5
愛知県,名古屋市名東区,愛知県名古屋市名東区,10,45.4,6,4,5.1,35.18,136.91
東京都,西東京市,東京都西東京市,10,46.2,5,5,4.0,35.69,139.69
福岡県,福岡市博多区,福岡県福岡市博多区,10,43.0,4,6,2.5,33.61,130.42
東京都,府中市,東京都府中市,10,45.2,6,4,2.0,35.69,139.69
奈良県,葛城市,奈良県葛城市,10,45.3,6,4,3.4,34.69,135.83
兵庫県,豊岡市,兵庫県豊岡市,10,36.1,1,9,1.7,34.69,135.18
埼玉県,狭山市,埼玉県狭山市,10,50.4,7,3,4.1,35.86,139.65
福岡県,,福岡県,10,41.2,6,4,2.7,33.61,130.42
神奈川県,平塚市,神奈川県平塚市,10,41.5,6,4,3.6,35.45,139.64
大阪府,貝塚市,大阪府貝塚市,10,45.1,7,3,3.5,34.69,135.5
愛知県,名古屋市瑞穂区,愛知県名古屋市瑞穂区,10,47.9,7,3,2.8,35.18,136.91
愛知県,名古屋市港区,愛知県名古屋市港区,10,41.3,4,6,2.6,35.18,136.91
埼玉県,さいたま市南区,埼玉県さいたま市南区,10,50.4,6,4,4.2,35.86,139.65
神奈川県,横浜市旭区,神奈川県横浜市旭区,10,46.1,6,4,2.1,35.45,139.64
福岡県,福岡市中央区,福岡県福岡市中央区,10,45.4,6,4,2.2,33.61,130.42
千葉県,千葉市稲毛区,千葉県千葉市稲毛区,10,47.3,5,5,3.2,35.61,140.11
三重県,津市,三重県津市,9,44.22222222222222,3,6,2.5555555555555554,34.73,136.51
愛知県,名古屋市南区,愛知県名古屋市南区,9,45.44444444444444,4,5,2.7777777777777777,35.18,136.91
広島県,広島市中区,広島県広島市中区,9,35.888888888888886,6,3,2.0,34.4,132.46
埼玉県,朝霞市,埼玉県朝霞市,9,44.77777777777778,6,3,3.0,35.86,139.65
千葉県,佐倉市,千葉県佐倉市,9,51.666666666666664,5,4,2.888888888888889,35.61,140.11
愛知県,名古屋市西区,愛知県名古屋市西区,9,46.0,5,4,3.0,35.18,136.91
滋賀県,高島市,滋賀県高島市,9,56.333333333333336,5,4,3.3333333333333335,35.0,135.87
京都府,相楽郡南山城村,京都府相楽郡南山城村,9,51.0,3,6,0.8888888888888888,35.02,135.75
愛知県,名古屋市中川区,愛知県名古屋市中川区,9,43.888888888888886,4,5,2.6666666666666665,35.18,136.91
埼玉県,和光市,埼玉県和光市,9,37.111111111111114,5,4,2.2222222222222223,35.86,139.65
埼玉県,さいたま市岩槻区,埼玉県さいたま市岩槻区,9,50.44444444444444,6,3,3.888888888888889,35.86,139.65
埼玉県,草加市,埼玉県草加市,9,43.77777777777778,5,4,4.0,35.86,139.65
千葉県,千葉市緑区,千葉県千葉市緑区,9,41.333333333333336,4,5,2.4444444444444446,35.61,140.11
兵庫県,川辺郡猪名川町,兵庫県川辺郡猪名川町,9,42.888888888888886,4,5,1.7777777777777777,34.69,135.18
埼玉県,三郷市,埼玉県三郷市,9,43.0,4,5,3.0,35.86,139.65
岐阜県,各務原市,岐阜県各務原市,9,50.22222222222222,4,5,3.2222222222222223,35.39,136.72
東京都,立川市,東京都立川市,9,36.55555555555556,4,5,2.7777777777777777,35.69,139.69
埼玉県,さいたま市見沼区,埼玉県さいたま市見沼区,9,49.44444444444444,4,5,4.555555555555555,35.86,139.65
愛知県,一宮市,愛知県一宮市,9,45.55555555555556,6,3,3.4444444444444446,35.18,136.91
神奈川県,厚木市,神奈川県厚木市,9,43.22222222222222,5,4,3.4444444444444446,35.45,139.64
三重県,松阪市,三重県松阪市,9,47.0,2,7,2.0,34.73,136.51
神奈川県,横浜市栄区,神奈川県横浜市栄区,9,42.666666666666664,3,6,3.0,35.45,139.64
神奈川県,秦野市,神奈川県秦野市,8,44.75,6,2,3.75,35.45,139.64
神奈川県,海老名市,神奈川県海老名市,8,48.625,3,5,2.875,35.45,139.64
大阪府,堺市美原区,大阪府堺市美原区,8,47.375,5,3,2.875,34.69,135.5
茨城県,土浦市,茨城県土浦市,8,47.375,5,3,3.375,36.34,140.45
神奈川県,横浜市泉区,神奈川県横浜市泉区,8,53.5,5,3,2.75,35.45,139.64
奈良県,北葛城郡河合町,奈良県北葛城郡河合町,8,53.25,2,6,4.25,34.69,135.83
神奈川県,相模原市緑区,神奈川県相模原市緑区,8,41.625,5,3,3.375,35.45,139.64
埼玉県,蕨市,埼玉県蕨市,8,37.75,3,5,3.25,35.86,139.65
千葉県,四街道市,千葉県四街道市,8,57.875,5,3,4.0,35.61,140.11
千葉県,千葉市若葉区,千葉県千葉市若葉区,8,52.5,6,2,4.125,35.61,140.11
埼玉県,久喜市,埼玉県久喜市,8,45.375,4,4,3.75,35.86,139.65
神奈川県,川崎市高津区,神奈川県川崎市高津区,8,55.375,6,2,3.375,35.45,139.64
千葉県,浦安市,千葉県浦安市,8,46.25,4,4,3.0,35.61,140.11
神奈川県,横浜市港南区,神奈川県横浜市港南区,8,41.5,4,4,2.75,35.45,139.64
広島県,福山市,広島県福山市,8,46.25,3,5,5.5,34.4,132.46
東京都,小平市,東京都小平市,8,53.875,4,4,2.25,35.69,139.69
滋賀県,蒲生郡日野町,滋賀県蒲生郡日野町,8,47.625,4,4,2.75,35.0,135.87
奈良県,北葛城郡上牧町,奈良県北葛城郡上牧町,8,51.125,1,7,3.0,34.69,135.83
神奈川県,横浜市金沢区,神奈川県横浜市金沢区,8,40.625,4,4,3.0,35.45,139.64
三重県,四日市市,三重県四日市市,8,42.0,2,6,2.375,34.73,136.51
愛知県,名古屋市東区,愛知県名古屋市東区,8,41.25,4,4,2.5,35.18,136.91
千葉県,千葉市花見川区,千葉県千葉市花見川区,8,47.125,5,3,1.75,35.61,140.11
茨城県,つくば市,茨城県つくば市,8,55.0,6,2,4.25,36.34,140.45
愛媛県,松山市,愛媛県松山市,8,42.125,1,7,2.375,33.84,132.77
神奈川県,川崎市麻生区,神奈川県川崎市麻生区,8,39.875,4,4,2.75,35.45,139.64
静岡県,静岡市駿河区,静岡県静岡市駿河区,7,50.42857142857143,2,5,3.857142857142857,34.98,138.38
千葉県,成田市,千葉県成田市,7,51.0,5,2,4.142857142857143,35.61,140.11
静岡県,,静岡県,7,42.57142857142857,4,3,2.4285714285714284,34.98,138.38
埼玉県,入間市,埼玉県入間市,7,48.142857142857146,4,3,3.2857142857142856,35.86,139.65
群馬県,前橋市,群馬県前橋市,7,41.0,4,3,2.7142857142857144,36.39,139.06
愛知県,名古屋市熱田区,愛知県名古屋市熱田区,7,50.57142857142857,2,5,3.2857142857142856,35.18,136.91
宮城県,,宮城県,7,45.42857142857143,6,1,4.714285714285714,38.27,140.87
愛知県,名古屋市昭和区,愛知県名古屋市昭和区,7,48.0,3,4,2.7142857142857144,35.18,136.91
愛知県,春日井市,愛知県春日井市,7,40.714285714285715,3,4,2.142857142857143,35.18,136.91
愛知県,名古屋市北区,愛知県名古屋市北区,7,48.714285714285715,2,5,4.571428571428571,35.18,136.91
長野県,長野市,長野県長野市,7,48.57142857142857,3,4,2.857142857142857,36.65,138.18
福井県,小浜市,福井県小浜市,7,54.42857142857143,1,6,1.7142857142857142,36.07,136.22
広島県,,広島県,7,43.0,6,1,5.142857142857143,34.4,132.46
埼玉県,鴻巣市,埼玉県鴻巣市,7,41.0,5,2,3.7142857142857144,35.86,139.65
神奈川県,横浜市磯子区,神奈川県横浜市磯子区,7,47.285714285714285,5,2,3.0,35.45,139.64
福岡県,福岡市西区,福岡県福岡市西区,7,50.0,4,3,2.7142857142857144,33.61,130.42
東京都,東久留米市,東京都東久留米市,7,40.142857142857146,3,4,2.2857142857142856,35.69,139.69
石川県,金沢市,石川県金沢市,7,46.285714285714285,3,4,3.857142857142857,36.59,136.63
鹿児島県,鹿児島市,鹿児島県鹿児島市,7,46.142857142857146,2,5,3.4285714285714284,31.56,130.56
埼玉県,吉川市,埼玉県吉川市,7,46.142857142857146,6,1,4.142857142857143,35.86,139.65
東京都,日野市,東京都日野市,7,33.142857142857146,5,2,3.142857142857143,35.69,139.69
和歌山県,,和歌山県,7,46.57142857142857,5,2,3.0,34.23,135.17
埼玉県,上尾市,埼玉県上尾市,7,53.0,4,3,4.857142857142857,35.86,139.65
愛知県,瀬戸市,愛知県瀬戸市,7,42.57142857142857,3,4,3.2857142857142856,35.18,136.91
神奈川県,横浜市瀬谷区,神奈川県横浜市瀬谷区,7,45.857142857142854,3,4,2.7142857142857144,35.45,139.64
千葉県,千葉市美浜区,千葉県千葉市美浜区,7,44.57142857142857,4,3,3.142857142857143,35.61,140.11
東京都,国分寺市,東京都国分寺市,7,36.714285714285715,4,3,3.0,35.69,139.69
千葉県,八千代市,千葉県八千代市,7,51.714285714285715,3,4,3.7142857142857144,35.61,140.11
東京都,武蔵野市,東京都武蔵野市,7,42.285714285714285,4,3,4.285714285714286,35.69,139.69
神奈川県,小田原市,神奈川県小田原市,7,53.42857142857143,4,3,2.142857142857143,35.45,139.64
香川県,高松市,香川県高松市,7,40.0,6,1,5.285714285714286,34.34,134.04
埼玉県,さいたま市桜区,埼玉県さいたま市桜区,7,49.142857142857146,6,1,5.142857142857143,35.86,139.65
群馬県,太田市,群馬県太田市,7,57.42857142857143,6,1,4.428571428571429,36.39,139.06
広島県,広島市東区,広島県広島市東区,6,36.166666666666664,4,2,2.0,34.4,132.46
広島県,広島市安佐南区,広島県広島市安佐南区,6,35.5,3,3,2.3333333333333335,34.4,132.46
茨城県,,茨城県,6,50.333333333333336,4,2,3.3333333333333335,36.34,140.45
岡山県,,岡山県,6,41.5,6,0,5.666666666666667,34.66,133.92
愛知県,あま市,愛知県あま市,6,45.666666666666664,3,3,4.166666666666667,35.18,136.91
広島県,広島市南区,広島県広島市南区,6,37.333333333333336,4,2,2.1666666666666665,34.4,132.46
広島県,広島市佐伯区,広島県広島市佐伯区,6,35.5,4,2,2.3333333333333335,34.4,132.46
愛知県,小牧市,愛知県小牧市,6,44.333333333333336,3,3,2.5,35.18,136.91
大阪府,泉南市,大阪府泉南市,6,48.166666666666664,3,3,4.0,34.69,135.5
三重県,鈴鹿市,三重県鈴鹿市,6,42.833333333333336,2,4,2.1666666666666665,34.73,136.51
愛知県,豊田市,愛知県豊田市,6,47.666666666666664,1,5,2.3333333333333335,35.18,136.91
岐阜県,,岐阜県,6,47.0,5,1,2.6666666666666665,35.39,136.72
大阪府,豊能郡能勢町,大阪府豊能郡能勢町,6,56.166666666666664,3,3,1.8333333333333333,34.69,135.5
栃木県,宇都宮市,栃木県宇都宮市,6,52.0,4,2,4.333333333333333,36.57,139.88
埼玉県,熊谷市,埼玉県熊谷市,6,57.166666666666664,5,1,5.666666666666667,35.86,139.65
東京都,あきる野市,東京都あきる野市,6,51.0,4,2,4.0,35.69,139.69
埼玉県,白岡市,埼玉県白岡市,6,46.333333333333336,5,1,3.8333333333333335,35.86,139.65
愛知県,豊橋市,愛知県豊橋市,6,37.5,2,4,2.0,35.18,136.91
静岡県,富士市,静岡県富士市,6,52.0,3,3,3.5,34.98,138.38
東京都,国立市,東京都国立市,6,37.666666666666664,3,3,3.0,35.69,139.69
東京都,西多摩郡瑞穂町,東京都西多摩郡瑞穂町,6,31.0,3,3,2.3333333333333335,35.69,139.69
福岡県,春日市,福岡県春日市,6,37.0,2,4,2.6666666666666665,33.61,130.42
埼玉県,戸田市,埼玉県戸田市,6,39.0,3,3,3.5,35.86,139.65
奈良県,磯城郡三宅町,奈良県磯城郡三宅町,6,49.666666666666664,3,3,3.6666666666666665,34.69,135.83
東京都,東村山市,東京都東村山市,6,48.833333333333336,4,2,3.3333333333333335,35.69,139.69
東京都,青梅市,東京都青梅市,6,39.0,3,3,2.0,35.69,139.69
沖縄県,,沖縄県,6,46.5,5,1,3.5,26.21,127.68
奈良県,北葛城郡広陵町,奈良県北葛城郡広陵町,6,47.5,1,5,3.6666666666666665,34.69,135.83
栃木県,小山市,栃木県小山市,6,45.666666666666664,3,3,2.5,36.57,139.88
埼玉県,深谷市,埼玉県深谷市,6,52.833333333333336,5,1,3.6666666666666665,35.86,139.65
神奈川県,座間市,神奈川県座間市,6,51.0,3,3,2.8333333333333335,35.45,139.64
千葉県,我孫子市,千葉県我孫子市,6,48.0,4,2,3.0,35.61,140.11
千葉県,野田市,千葉県野田市,6,47.5,4,2,3.3333333333333335,35.61,140.11
沖縄県,那覇市,沖縄県那覇市,6,50.333333333333336,4,2,6.166666666666667,26.21,127.68
群馬県,高崎市,群馬県高崎市,6,44.0,4,2,3.5,36.39,139.06
福井県,大飯郡おおい町,福井県大飯郡おおい町,6,44.666666666666664,2,4,3.1666666666666665,36.07,136.22
三重県,伊賀市,三重県伊賀市,6,43.0,1,5,1.3333333333333333,34.73,136.51
愛知県,半田市,愛知県半田市,6,42.166666666666664,1,5,2.6666666666666665,35.18,136.91
埼玉県,さいたま市中央区,埼玉県さいたま市中央区,6,43.333333333333336,3,3,4.833333333333333,35.86,139.65
静岡県,静岡市葵区,静岡県静岡市葵区,6,46.5,2,4,3.1666666666666665,34.98,138.38
神奈川県,伊勢原市,神奈川県伊勢原市,5,40.2,2,3,2.6,35.45,139.64
埼玉県,さいたま市浦和区,埼玉県さいたま市浦和区,5,46.4,4,1,5.8,35.86,139.65
岐阜県,多治見市,岐阜県多治見市,5,46.2,1,4,3.8,35.39,136.72
京都府,相楽郡和束町,京都府相楽郡和束町,5,47.8,1,4,2.0,35.02,135.75
愛知県,豊明市,愛知県豊明市,5,43.2,2,3,3.0,35.18,136.91
静岡県,富士宮市,静岡県富士宮市,5,47.2,2,3,3.0,34.98,138.38
茨城県,水戸市,茨城県水戸市,5,52.0,3,2,4.2,36.34,140.45
埼玉県,加須市,埼玉県加須市,5,45.8,3,2,3.2,35.86,139.65
栃木県,足利市,栃木県足利市,5,46.4,4,1,3.0,36.57,139.88
茨城県,取手市,茨城県取手市,5,58.6,4,1,4.8,36.34,140.45
茨城県,ひたちなか市,茨城県ひたちなか市,5,54.0,3,2,4.6,36.34,140.45
奈良県,吉野郡大淀町,奈良県吉野郡大淀町,5,42.8,3,2,3.6,34.69,135.83
福岡県,那珂川市,福岡県那珂川市,5,51.6,3,2,2.8,33.61,130.42
群馬県,伊勢崎市,群馬県伊勢崎市,5,45.8,3,2,2.8,36.39,139.06
福岡県,福岡市城南区,福岡県福岡市城南区,5,47.2,3,2,2.4,33.61,130.42
沖縄県,沖縄市,沖縄県沖縄市,5,37.0,2,3,2.6,26.21,127.68
愛知県,江南市,愛知県江南市,5,53.4,2,3,3.8,35.18,136.91
茨城県,結城市,茨城県結城市,5,41.0,2,3,2.2,36.34,140.45
岡山県,岡山市北区,岡山県岡山市北区,5,44.0,1,4,3.6,34.66,133.92
広島県,廿日市市,広島県廿日市市,5,33.6,4,1,1.0,34.4,132.46
高知県,高知市,高知県高知市,5,32.4,2,3,5.4,33.56,133.53
奈良県,生駒郡安堵町,奈良県生駒郡安堵町,5,50.0,1,4,2.6,34.69,135.83
埼玉県,蓮田市,埼玉県蓮田市,5,48.8,4,1,8.0,35.86,139.65
三重県,桑名市,三重県桑名市,5,39.8,1,4,5.8,34.73,136.51
兵庫県,西脇市,兵庫県西脇市,5,48.0,4,1,3.2,34.69,135.18
東京都,小金井市,東京都小金井市,5,31.0,3,2,2.4,35.69,139.69
北海道,札幌市中央区,北海道札幌市中央区,5,35.0,3,2,2.6,43.06,141.35
茨城県,守谷市,茨城県守谷市,5,48.0,4,1,2.2,36.34,140.45
北海道,,北海道,5,44.4,4,1,4.8,43.06,141.35
栃木県,,栃木県,5,49.4,2,3,3.0,36.57,139.88
和歌山県,橋本市,和歌山県橋本市,5,43.0,3,2,4.0,34.23,135.17
滋賀県,蒲生郡竜王町,滋賀県蒲生郡竜王町,5,47.8,1,4,2.2,35.0,135.87
埼玉県,桶川市,埼玉県桶川市,5,42.6,3,2,5.6,35.86,139.65
愛知県,刈谷市,愛知県刈谷市,5,50.2,1,4,3.8,35.18,136.91
愛知県,犬山市,愛知県犬山市,5,43.6,2,3,2.2,35.18,136.91
広島県,広島市西区,広島県広島市西区,5,32.6,4,1,1.8,34.4,132.46
福岡県,朝倉市,福岡県朝倉市,5,39.0,3,2,3.0,33.61,130.42
岐阜県,大垣市,岐阜県大垣市,5,56.4,1,4,4.6,35.39,136.72
東京都,昭島市,東京都昭島市,5,33.6,3,2,3.8,35.69,139.69
島根県,,島根県,5,39.2,4,1,3.2,35.47,133.05
大阪府,泉南郡熊取町,大阪府泉南郡熊取町,4,46.25,2,2,4.0,34.69,135.5
兵庫県,朝来市,兵庫県朝来市,4,35.5,0,4,3.5,34.69,135.18
福島県,郡山市,福島県郡山市,4,39.75,2,2,2.0,37.75,140.47
三重県,名張市,三重県名張市,4,50.75,1,3,1.5,34.73,136.51
茨城県,日立市,茨城県日立市,4,58.5,4,0,4.0,36.34,140.45
茨城県,牛久市,茨城県牛久市,4,59.5,3,1,5.25,36.34,140.45
埼玉県,八潮市,埼玉県八潮市,4,50.5,2,2,3.5,35.86,139.65
千葉県,印西市,千葉県印西市,4,49.75,3,1,2.25,35.61,140.11
長野県,松本市,長野県松本市,4,58.25,1,3,2.0,36.65,138.18
福井県,越前市,福井県越前市,4,31.75,1,3,2.5,36.07,136.22
香川県,,香川県,4,37.5,4,0,6.75,34.34,134.04
山形県,山形市,山形県山形市,4,36.5,1,3,3.5,38.25,140.34
埼玉県,富士見市,埼玉県富士見市,4,37.5,3,1,3.25,35.86,139.65
愛媛県,,愛媛県,4,38.25,4,0,7.0,33.84,132.77
愛知県,安城市,愛知県安城市,4,44.75,0,4,3.0,35.18,136.91
三重県,志摩市,三重県志摩市,4,44.25,0,4,2.0,34.73,136.51
兵庫県,小野市,兵庫県小野市,4,39.25,2,2,4.0,34.69,135.18
兵庫県,淡路市,兵庫県淡路市,4,40.75,3,1,2.5,34.69,135.18
福岡県,久留米市,福岡県久留米市,4,34.0,2,2,3.0,33.61,130.42
愛知県,稲沢市,愛知県稲沢市,4,39.25,1,3,2.75,35.18,136.91
秋田県,,秋田県,4,48.5,4,0,3.75,39.72,140.1
山口県,山口市,山口県山口市,4,43.0,1,3,3.0,34.19,131.47
奈良県,五條市,奈良県五條市,4,34.75,1,3,3.25,34.69,135.83
熊本県,熊本市南区,熊本県熊本市南区,4,27.25,2,2,2.25,32.79,130.71
広島県,広島市安佐北区,広島県広島市安佐北区,4,31.75,2,2,1.0,34.4,132.46
愛知県,大府市,愛知県大府市,4,47.25,1,3,2.5,35.18,136.91
長崎県,長崎市,長崎県長崎市,4,50.0,2,2,3.0,32.75,129.88
埼玉県,入間郡三芳町,埼玉県入間郡三芳町,4,33.25,2,2,2.75,35.86,139.65
愛知県,尾張旭市,愛知県尾張旭市,4,37.0,2,2,3.25,35.18,136.91
東京都,東大和市,東京都東大和市,4,39.0,1,3,2.75,35.69,139.69
岡山県,総社市,岡山県総社市,4,39.0,0,4,3.5,34.66,133.92
埼玉県,ふじみ野市,埼玉県ふじみ野市,4,51.0,3,1,4.5,35.86,139.65
千葉県,袖ケ浦市,千葉県袖ケ浦市,4,51.75,2,2,3.0,35.61,140.11
岡山県,倉敷市,岡山県倉敷市,4,39.0,0,4,3.5,34.66,133.92
福岡県,古賀市,福岡県古賀市,4,37.0,2,2,3.25,33.61,130.42
神奈川県,足柄上郡開成町,神奈川県足柄上郡開成町,4,38.5,1,3,2.5,35.45,139.64
岐阜県,可児市,岐阜県可児市,4,49.75,1,3,4.25,35.39,136.72
三重県,,三重県,4,42.0,3,1,3.0,34.73,136.51
埼玉県,北本市,埼玉県北本市,4,47.75,3,1,5.0,35.86,139.65
京都府,相楽郡笠置町,京都府相楽郡笠置町,4,47.0,1,3,1.25,35.02,135.75
大阪府,豊能郡豊能町,大阪府豊能郡豊能町,4,58.25,1,3,1.5,34.69,135.5
埼玉県,東松山市,埼玉県東松山市,4,44.25,3,1,5.25,35.86,139.65
静岡県,浜松市中区,静岡県浜松市中区,4,45.5,1,3,3.0,34.98,138.38
千葉県,鎌ケ谷市,千葉県鎌ケ谷市,4,55.25,2,2,1.75,35.61,140.11
兵庫県,三木市,兵庫県三木市,4,60.5,2,2,4.25,34.69,135.18
福岡県,大野城市,福岡県大野城市,4,39.0,1,3,3.25,33.61,130.42
兵庫県,加東市,兵庫県加東市,4,56.0,2,2,2.0,34.69,135.18
東京都,狛江市,東京都狛江市,4,38.25,2,2,3.0,35.69,139.69
神奈川県,綾瀬市,神奈川県綾瀬市,4,39.5,2,2,2.75,35.45,139.64
石川県,,石川県,4,40.75,4,0,1.5,36.59,136.63
埼玉県,本庄市,埼玉県本庄市,4,48.5,4,0,2.0,35.86,139.65
滋賀県,米原市,滋賀県米原市,4,54.0,1,3,1.75,35.0,135.87
富山県,,富山県,4,45.75,4,0,2.5,36.7,137.21
和歌山県,岩出市,和歌山県岩出市,4,41.5,2,2,3.25,34.23,135.17
岐阜県,羽島郡岐南町,岐阜県羽島郡岐南町,4,55.75,1,3,3.75,35.39,136.72
兵庫県,多可郡多可町,兵庫県多可郡多可町,4,45.75,2,2,4.5,34.69,135.18
山梨県,甲府市,山梨県甲府市,4,46.5,2,2,3.0,35.66,138.57
熊本県,熊本市中央区,熊本県熊本市中央区,4,28.0,1,3,2.5,32.79,130.71
福井県,,福井県,4,46.0,4,0,2.0,36.07,136.22
栃木県,栃木市,栃木県栃木市,3,46.666666666666664,1,2,2.6666666666666665,36.57,139.88
茨城県,神栖市,茨城県神栖市,3,52.333333333333336,3,0,4.666666666666667,36.34,140.45
岐阜県,美濃加茂市,岐阜県美濃加茂市,3,54.666666666666664,2,1,4.0,35.39,136.72
愛知県,西春日井郡豊山町,愛知県西春日井郡豊山町,3,54.333333333333336,1,2,5.666666666666667,35.18,136.91
千葉県,香取市,千葉県香取市,3,57.0,2,1,5.0,35.61,140.11
茨城県,小美玉市,茨城県小美玉市,3,41.666666666666664,1,2,2.0,36.34,140.45
岐阜県,関市,岐阜県関市,3,45.333333333333336,1,2,3.6666666666666665,35.39,136.72
新潟県,新潟市江南区,新潟県新潟市江南区,3,54.333333333333336,2,1,4.0,37.9,139.02
広島県,尾道市,広島県尾道市,3,42.333333333333336,1,2,1.3333333333333333,34.4,132.46
熊本県,熊本市北区,熊本県熊本市北区,3,27.0,1,2,2.6666666666666665,32.79,130.71
熊本県,熊本市東区,熊本県熊本市東区,3,26.666666666666668,2,1,2.3333333333333335,32.79,130.71
福島県,福島市,福島県福島市,3,56.333333333333336,1,2,2.3333333333333335,37.75,140.47
愛知県,岡崎市,愛知県岡崎市,3,42.333333333333336,0,3,3.3333333333333335,35.18,136.91
愛知県,豊川市,愛知県豊川市,3,42.333333333333336,0,3,3.3333333333333335,35.18,136.91
徳島県,鳴門市,徳島県鳴門市,3,41.0,0,3,4.666666666666667,34.07,134.56
愛知県,津島市,愛知県津島市,3,32.666666666666664,2,1,3.0,35.18,136.91
岩手県,,岩手県,3,52.0,3,0,4.333333333333333,39.7,141.15
福島県,,福島県,3,52.0,3,0,4.333333333333333,37.75,140.47
福岡県,北九州市八幡西区,福岡県北九州市八幡西区,3,37.0,2,1,3.0,33.61,130.42
群馬県,,群馬県,3,48.333333333333336,2,1,3.3333333333333335,36.39,139.06
大分県,大分市,大分県大分市,3,49.666666666666664,1,2,3.6666666666666665,33.24,131.61
三重県,亀山市,三重県亀山市,3,45.666666666666664,0,3,1.3333333333333333,34.73,136.51
福井県,三方上中郡若狭町,福井県三方上中郡若狭町,3,43.0,1,2,3.0,36.07,136.22
奈良県,山辺郡山添村,奈良県山辺郡山添村,3,49.666666666666664,0,3,2.0,34.69,135.83
千葉県,木更津市,千葉県木更津市,3,44.0,2,1,3.0,35.61,140.11
沖縄県,うるま市,沖縄県うるま市,3,42.333333333333336,0,3,3.3333333333333335,26.21,127.68
鳥取県,鳥取市,鳥取県鳥取市,3,39.666666666666664,0,3,3.3333333333333335,35.5,134.23
山梨県,,山梨県,3,56.0,3,0,3.6666666666666665,35.66,138.57
愛知県,清須市,愛知県清須市,3,41.666666666666664,1,2,3.0,35.18,136.91
鹿児島県,,鹿児島県,3,40.0,2,1,2.3333333333333335,31.56,130.56
北海道,札幌市西区,北海道札幌市西区,3,34.666666666666664,1,2,6.333333333333333,43.06,141.35
愛知県,知多市,愛知県知多市,3,46.333333333333336,0,3,3.3333333333333335,35.18,136.91
熊本県,,熊本県,3,40.0,2,1,2.3333333333333335,32.79,130.71
群馬県,桐生市,群馬県桐生市,3,63.666666666666664,2,1,2.6666666666666665,36.39,139.06
群馬県,安中市,群馬県安中市,3,54.333333333333336,2,1,4.333333333333333,36.39,139.06
福岡県,糟屋郡粕屋町,福岡県糟屋郡粕屋町,3,38.666666666666664,0,3,3.6666666666666665,33.61,130.42
福岡県,福津市,福岡県福津市,3,45.666666666666664,0,3,5.666666666666667,33.61,130.42
兵庫県,高砂市,兵庫県高砂市,3,57.0,2,1,2.3333333333333335,34.69,135.18
北海道,札幌市東区,北海道札幌市東区,3,28.666666666666668,1,2,2.0,43.06,141.35
愛知県,西尾市,愛知県西尾市,3,42.333333333333336,0,3,3.3333333333333335,35.18,136.91
千葉県,茂原市,千葉県茂原市,3,43.0,1,2,5.666666666666667,35.61,140.11
愛知県,常滑市,愛知県常滑市,3,49.333333333333336,0,3,2.0,35.18,136.91
宮城県,仙台市若林区,宮城県仙台市若林区,3,45.0,1,2,3.0,38.27,140.87
宮崎県,宮崎市,宮崎県宮崎市,3,32.0,1,2,4.0,31.91,131.42
静岡県,静岡市清水区,静岡県静岡市清水区,3,49.333333333333336,2,1,4.666666666666667,34.98,138.38
長野県,,長野県,3,50.333333333333336,3,0,3.3333333333333335,36.65,138.18
埼玉県,鶴ヶ島市,埼玉県鶴ヶ島市,3,50.333333333333336,3,0,4.333333333333333,35.86,139.65
静岡県,磐田市,静岡県磐田市,3,53.0,1,2,4.0,34.98,138.38
群馬県,邑楽郡大泉町,群馬県邑楽郡大泉町,3,56.666666666666664,3,0,3.0,36.39,139.06
石川県,加賀市,石川県加賀市,3,49.666666666666664,1,2,2.6666666666666665,36.59,136.63
宮城県,仙台市宮城野区,宮城県仙台市宮城野区,3,51.333333333333336,1,2,2.0,38.27,140.87
埼玉県,志木市,埼玉県志木市,3,42.0,2,1,2.3333333333333335,35.86,139.65
茨城県,稲敷郡阿見町,茨城県稲敷郡阿見町,3,45.333333333333336,1,2,3.0,36.34,140.45
愛知県,岩倉市,愛知県岩倉市,3,57.0,1,2,5.333333333333333,35.18,136.91
福岡県,筑紫野市,福岡県筑紫野市,3,42.333333333333336,1,2,2.3333333333333335,33.61,130.42
兵庫県,加古郡稲美町,兵庫県加古郡稲美町,3,54.0,2,1,3.0,34.69,135.18
群馬県,佐波郡玉村町,群馬県佐波郡玉村町,3,56.666666666666664,3,0,3.0,36.39,139.06
愛知県,海部郡大治町,愛知県海部郡大治町,3,54.333333333333336,1,2,3.3333333333333335,35.18,136.91
熊本県,熊本市西区,熊本県熊本市西区,3,27.0,1,2,2.6666666666666665,32.79,130.71
沖縄県,宜野湾市,沖縄県宜野湾市,3,40.0,0,3,4.0,26.21,127.68
宮城県,仙台市青葉区,宮城県仙台市青葉区,3,42.0,1,2,4.333333333333333,38.27,140.87
石川県,野々市市,石川県野々市市,3,52.0,1,2,5.0,36.59,136.63
石川県,白山市,石川県白山市,3,44.0,2,1,3.3333333333333335,36.59,136.63
広島県,安芸郡海田町,広島県安芸郡海田町,3,37.0,3,0,1.0,34.4,132.46
愛知県,愛知郡東郷町,愛知県愛知郡東郷町,3,37.333333333333336,1,2,3.3333333333333335,35.18,136.91
岐阜県,瑞穂市,岐阜県瑞穂市,3,56.333333333333336,0,3,5.333333333333333,35.39,136.72
福岡県,糸島市,福岡県糸島市,3,54.0,2,1,3.6666666666666665,33.61,130.42
岐阜県,高山市,岐阜県高山市,3,43.666666666666664,0,3,5.666666666666667,35.39,136.72
神奈川県,逗子市,神奈川県逗子市,3,47.666666666666664,1,2,1.6666666666666667,35.45,139.64
沖縄県,南城市,沖縄県南城市,3,38.333333333333336,2,1,3.3333333333333335,26.21,127.68
埼玉県,飯能市,埼玉県飯能市,3,34.333333333333336,2,1,3.3333333333333335,35.86,139.65
愛知県,北名古屋市,愛知県北名古屋市,3,54.333333333333336,1,2,3.3333333333333335,35.18,136.91
愛知県,日進市,愛知県日進市,3,41.666666666666664,1,2,3.0,35.18,136.91
神奈川県,南足柄市,神奈川県南足柄市,3,50.666666666666664,1,2,1.6666666666666667,35.45,139.64
愛知県,愛西市,愛知県愛西市,3,54.333333333333336,1,2,3.3333333333333335,35.18,136.91
徳島県,吉野川市,徳島県吉野川市,3,26.0,1,2,2.3333333333333335,34.07,134.56
神奈川県,中郡二宮町,神奈川県中郡二宮町,3,56.0,3,0,3.3333333333333335,35.45,139.64
宮城県,仙台市泉区,宮城県仙台市泉区,3,52.0,1,2,3.3333333333333335,38.27,140.87
北海道,旭川市,北海道旭川市,3,40.666666666666664,1,2,4.333333333333333,43.06,141.35
東京都,福生市,東京都福生市,3,30.333333333333332,1,2,1.3333333333333333,35.69,139.69
愛知県,東海市,愛知県東海市,3,49.0,0,3,3.3333333333333335,35.18,136.91
愛知県,知立市,愛知県知立市,3,47.333333333333336,1,2,1.6666666666666667,35.18,136.91
千葉県,八街市,千葉県八街市,3,35.666666666666664,2,1,0.6666666666666666,35.61,140.11
兵庫県,養父市,兵庫県養父市,3,43.666666666666664,1,2,2.0,34.69,135.18
青森県,,青森県,3,52.0,3,0,4.333333333333333,40.82,140.74
兵庫県,揖保郡太子町,兵庫県揖保郡太子町,3,67.66666666666667,1,2,4.666666666666667,34.69,135.18
奈良県,吉野郡下市町,奈良県吉野郡下市町,3,35.333333333333336,3,0,2.6666666666666665,34.69,135.83
奈良県,吉野郡吉野町,奈良県吉野郡吉野町,3,30.666666666666668,1,2,5.0,34.69,135.83
京都府,与謝郡伊根町,京都府与謝郡伊根町,3,41.666666666666664,1,2,1.3333333333333333,35.02,135.75
長崎県,対馬市,長崎県対馬市,2,55.5,2,0,2.5,32.75,129.88
鹿児島県,霧島市,鹿児島県霧島市,2,29.5,1,1,2.5,31.56,130.56
福井県,福井市,福井県福井市,2,51.5,0,2,7.0,36.07,136.22
佐賀県,唐津市,佐賀県唐津市,2,50.0,2,0,1.5,33.25,130.3
福岡県,小郡市,福岡県小郡市,2,30.0,1,1,1.0,33.61,130.42
岡山県,岡山市南区,岡山県岡山市南区,2,39.0,0,2,4.5,34.66,133.92
大阪府,南河内郡河南町,大阪府南河内郡河南町,2,45.0,2,0,2.0,34.69,135.5
福岡県,糟屋郡須惠町,福岡県糟屋郡須惠町,2,48.0,1,1,2.5,33.61,130.42
大阪府,泉南郡岬町,大阪府泉南郡岬町,2,45.0,2,0,2.0,34.69,135.5
熊本県,天草市,熊本県天草市,2,24.5,2,0,0.5,32.79,130.71
神奈川県,愛甲郡愛川町,神奈川県愛甲郡愛川町,2,50.0,1,1,10.0,35.45,139.64
岐阜県,中津川市,岐阜県中津川市,2,57.5,0,2,2.0,35.39,136.72
岐阜県,恵那市,岐阜県恵那市,2,70.0,0,2,5.0,35.39,136.72
愛知県,額田郡幸田町,愛知県額田郡幸田町,2,47.5,0,2,4.0,35.18,136.91
愛知県,知多郡東浦町,愛知県知多郡東浦町,2,64.5,0,2,2.0,35.18,136.91
愛知県,長久手市,愛知県長久手市,2,47.5,0,2,4.0,35.18,136.91
兵庫県,神崎郡市川町,兵庫県神崎郡市川町,2,51.0,2,0,2.5,34.69,135.18
茨城県,稲敷市,茨城県稲敷市,2,59.0,2,0,1.5,36.34,140.45
埼玉県,比企郡川島町,埼玉県比企郡川島町,2,36.5,1,1,4.5,35.86,139.65
茨城県,筑西市,茨城県筑西市,2,42.0,0,2,5.0,36.34,140.45
熊本県,合志市,熊本県合志市,2,26.0,1,1,3.0,32.79,130.71
北海道,札幌市南区,北海道札幌市南区,2,37.0,1,1,4.0,43.06,141.35
山梨県,笛吹市,山梨県笛吹市,2,36.5,0,2,2.0,35.66,138.57
東京都,清瀬市,東京都清瀬市,2,30.5,0,2,4.0,35.69,139.69
長崎県,佐世保市,長崎県佐世保市,2,56.0,2,0,2.5,32.75,129.88
奈良県,宇陀市,奈良県宇陀市,2,57.5,1,1,2.0,34.69,135.83
兵庫県,たつの市,兵庫県たつの市,2,62.5,1,1,3.0,34.69,135.18
熊本県,水俣市,熊本県水俣市,2,45.5,0,2,3.5,32.79,130.71
徳島県,板野郡藍住町,徳島県板野郡藍住町,2,27.0,0,2,3.0,34.07,134.56
徳島県,徳島市,徳島県徳島市,2,27.0,0,2,3.0,34.07,134.56
宮城県,名取市,宮城県名取市,2,30.5,0,2,4.0,38.27,140.87
福岡県,北九州市八幡東区,福岡県北九州市八幡東区,2,27.0,1,1,3.5,33.61,130.42
兵庫県,加西市,兵庫県加西市,2,27.5,0,2,4.0,34.69,135.18
北海道,札幌市豊平区,北海道札幌市豊平区,2,41.0,0,2,4.5,43.06,141.35
千葉県,山武市,千葉県山武市,2,27.0,1,1,3.5,35.61,140.11
福岡県,直方市,福岡県直方市,2,44.0,1,1,4.5,33.61,130.42
愛知県,丹羽郡扶桑町,愛知県丹羽郡扶桑町,2,67.0,1,1,2.0,35.18,136.91
愛知県,海部郡蟹江町,愛知県海部郡蟹江町,2,48.0,1,1,1.5,35.18,136.91
静岡県,浜松市東区,静岡県浜松市東区,2,47.5,0,2,4.0,34.98,138.38
静岡県,浜松市西区,静岡県浜松市西区,2,47.5,0,2,4.0,34.98,138.38
静岡県,浜松市浜名区,静岡県浜松市浜名区,2,47.5,0,2,4.0,34.98,138.38
岡山県,瀬戸内市,岡山県瀬戸内市,2,63.5,1,1,4.5,34.66,133.92
埼玉県,秩父郡長瀞町,埼玉県秩父郡長瀞町,2,46.5,1,1,5.0,35.86,139.65
栃木県,真岡市,栃木県真岡市,2,64.5,2,0,4.5,36.57,139.88
東京都,羽村市,東京都羽村市,2,46.5,1,1,5.0,35.69,139.69
群馬県,藤岡市,群馬県藤岡市,2,46.5,1,1,5.0,36.39,139.06
栃木県,佐野市,栃木県佐野市,2,66.0,2,0,6.5,36.57,139.88
茨城県,桜川市,茨城県桜川市,2,66.5,2,0,7.0,36.34,140.45
神奈川県,三浦郡葉山町,神奈川県三浦郡葉山町,2,51.0,2,0,3.0,35.45,139.64
山形県,,山形県,2,45.5,2,0,4.0,38.25,140.34
鳥取県,,鳥取県,2,45.5,2,0,4.0,35.5,134.23
栃木県,鹿沼市,栃木県鹿沼市,2,64.5,2,0,4.5,36.57,139.88
福岡県,北九州市小倉北区,福岡県北九州市小倉北区,2,40.5,1,1,4.0,33.61,130.42
岐阜県,土岐市,岐阜県土岐市,2,49.0,0,2,2.0,35.39,136.72
愛知県,知多郡阿久比町,愛知県知多郡阿久比町,2,49.0,0,2,2.0,35.18,136.91
千葉県,東金市,千葉県東金市,2,30.5,0,2,4.0,35.61,140.11
千葉県,大網白里市,千葉県大網白里市,2,31.0,0,2,1.5,35.61,140.11
千葉県,白井市,千葉県白井市,2,35.5,0,2,4.0,35.61,140.11
山口県,下関市,山口県下関市,2,27.0,0,2,3.0,34.19,131.47
山口県,岩国市,山口県岩国市,2,41.0,2,0,1.5,34.19,131.47
広島県,安芸郡府中町,広島県安芸郡府中町,2,29.5,2,0,0.5,34.4,132.46
神奈川県,足柄下郡箱根町,神奈川県足柄下郡箱根町,2,29.5,1,1,3.5,35.45,139.64
長野県,小諸市,長野県小諸市,2,59.5,0,2,3.0,36.65,138.18
鹿児島県,日置市,鹿児島県日置市,2,30.5,2,0,3.0,31.56,130.56
東京都,西多摩郡檜原村,東京都西多摩郡檜原村,2,45.0,2,0,1.0,35.69,139.69
北海道,札幌市手稲区,北海道札幌市手稲区,2,41.5,0,2,2.0,43.06,141.35
石川県,河北郡内灘町,石川県河北郡内灘町,2,41.0,1,1,3.5,36.59,136.63
石川県,七尾市,石川県七尾市,2,36.5,1,1,1.0,36.59,136.63
長野県,佐久市,長野県佐久市,2,59.5,0,2,3.0,36.65,138.18
山口県,,山口県,2,44.5,2,0,4.0,34.19,131.47
高知県,,高知県,2,44.5,2,0,4.0,33.56,133.53
佐賀県,,佐賀県,2,37.5,2,0,2.5,33.25,130.3
長崎県,,長崎県,2,35.0,2,0,2.5,32.75,129.88
静岡県,裾野市,静岡県裾野市,2,54.0,1,1,3.0,34.98,138.38
岐阜県,加茂郡八百津町,岐阜県加茂郡八百津町,2,48.0,1,1,1.5,35.39,136.72
福岡県,太宰府市,福岡県太宰府市,2,31.5,0,2,3.5,33.61,130.42
埼玉県,児玉郡神川町,埼玉県児玉郡神川町,2,64.5,2,0,4.5,35.86,139.65
静岡県,伊東市,静岡県伊東市,2,60.0,1,1,2.5,34.98,138.38
茨城県,稲敷郡美浦村,茨城県稲敷郡美浦村,2,47.0,1,1,5.5,36.34,140.45
青森県,八戸市,青森県八戸市,2,57.5,2,0,4.0,40.82,140.74
岐阜県,海津市,岐阜県海津市,2,47.5,0,2,4.0,35.39,136.72
愛知県,高浜市,愛知県高浜市,2,52.0,1,1,1.5,35.18,136.91
静岡県,浜松市中央区,静岡県浜松市中央区,2,44.5,0,2,1.0,34.98,138.38
愛知県,みよし市,愛知県みよし市,2,48.0,1,1,1.5,35.18,136.91
岐阜県,羽島市,岐阜県羽島市,2,47.5,0,2,4.0,35.39,136.72
新潟県,新潟市中央区,新潟県新潟市中央区,2,46.5,1,1,5.0,37.9,139.02
沖縄県,名護市,沖縄県名護市,2,38.5,1,1,4.5,26.21,127.68
北海道,札幌市北区,北海道札幌市北区,2,40.5,1,1,8.5,43.06,141.35
栃木県,大田原市,栃木県大田原市,2,49.5,1,1,5.0,36.57,139.88
奈良県,磯城郡川西町,奈良県磯城郡川西町,2,42.0,1,1,1.5,34.69,135.83
宮城県,仙台市太白区,宮城県仙台市太白区,2,30.5,0,2,4.0,38.27,140.87
岩手県,盛岡市,岩手県盛岡市,2,54.5,1,1,2.0,39.7,141.15
静岡県,沼津市,静岡県沼津市,2,30.5,0,2,4.0,34.98,138.38
大分県,,大分県,2,45.0,1,1,2.0,33.24,131.61
宮崎県,,宮崎県,2,35.0,2,0,2.5,31.91,131.42
群馬県,渋川市,群馬県渋川市,2,48.0,1,1,3.0,36.39,139.06
埼玉県,児玉郡上里町,埼玉県児玉郡上里町,2,48.0,1,1,3.0,35.86,139.65
岐阜県,安八郡神戸町,岐阜県安八郡神戸町,2,49.0,0,2,2.0,35.39,136.72
石川県,かほく市,石川県かほく市,2,41.0,1,1,3.5,36.59,136.63
石川県,河北郡津幡町,石川県河北郡津幡町,2,41.0,1,1,3.5,36.59,136.63
大阪府,南河内郡太子町,大阪府南河内郡太子町,2,39.5,1,1,3.0,34.69,135.5
奈良県,吉野郡下北山村,奈良県吉野郡下北山村,2,40.5,1,1,2.5,34.69,135.83
三重県,いなべ市,三重県いなべ市,2,38.5,0,2,1.5,34.73,136.51
沖縄県,石垣市,沖縄県石垣市,2,44.0,0,2,4.0,26.21,127.68
滋賀県,愛知郡愛荘町,滋賀県愛知郡愛荘町,2,46.0,0,2,0.5,35.0,135.87
広島県,広島市安芸区,広島県広島市安芸区,2,43.5,1,1,3.0,34.4,132.46
山梨県,甲斐市,山梨県甲斐市,2,37.5,0,2,2.5,35.66,138.57
大分県,日田市,大分県日田市,2,38.0,1,1,4.0,33.24,131.61
大分県,中津市,大分県中津市,2,44.0,1,1,2.0,33.24,131.61
香川県,丸亀市,香川県丸亀市,2,38.5,2,0,9.5,34.34,134.04
香川県,小豆郡小豆島町,香川県小豆郡小豆島町,2,35.5,1,1,12.0,34.34,134.04
香川県,木田郡三木町,香川県木田郡三木町,2,35.5,1,1,12.0,34.34,134.04
石川県,能美市,石川県能美市,2,42.5,1,1,3.5,36.59,136.63
石川県,小松市,石川県小松市,2,42.5,1,1,3.5,36.59,136.63
静岡県,掛川市,静岡県掛川市,2,47.5,1,1,3.0,34.98,138.38
茨城県,那珂市,茨城県那珂市,2,46.5,1,1,5.0,36.34,140.45
茨城県,常総市,茨城県常総市,2,46.5,1,1,5.0,36.34,140.45
福井県,敦賀市,福井県敦賀市,2,27.5,1,1,1.0,36.07,136.22
福岡県,糟屋郡宇美町,福岡県糟屋郡宇美町,2,48.0,0,2,4.0,33.61,130.42
茨城県,鹿嶋市,茨城県鹿嶋市,2,46.5,1,1,5.0,36.34,140.45
大阪府,泉北郡忠岡町,大阪府泉北郡忠岡町,2,56.0,0,2,5.0,34.69,135.5
鹿児島県,姶良市,鹿児島県姶良市,2,50.0,1,1,4.0,31.56,130.56
栃木県,那須塩原市,栃木県那須塩原市,2,44.5,0,2,1.5,36.57,139.88
茨城県,北相馬郡利根町,茨城県北相馬郡利根町,2,47.5,1,1,2.5,36.34,140.45
茨城県,結城郡八千代町,茨城県結城郡八千代町,2,72.5,2,0,2.5,36.34,140.45
茨城県,古河市,茨城県古河市,2,52.0,2,0,6.0,36.34,140.45
福岡県,糟屋郡志免町,福岡県糟屋郡志免町,2,43.5,0,2,1.5,33.61,130.42
兵庫県,洲本市,兵庫県洲本市,2,59.0,2,0,3.5,34.69,135.18
新潟県,,新潟県,2,56.5,2,0,4.0,37.9,139.02
千葉県,富里市,千葉県富里市,2,47.0,1,1,2.5,35.61,140.11
福岡県,柳川市,福岡県柳川市,2,56.0,1,1,3.0,33.61,130.42
和歌山県,海南市,和歌山県海南市,2,48.5,2,0,4.0,34.23,135.17
埼玉県,秩父市,埼玉県秩父市,2,48.5,1,1,7.5,35.86,139.65
栃木県,日光市,栃木県日光市,2,72.5,2,0,5.5,36.57,139.88
福岡県,中間市,福岡県中間市,2,66.5,1,1,5.5,33.61,130.42
福岡県,鞍手郡鞍手町,福岡県鞍手郡鞍手町,2,71.0,1,1,5.0,33.61,130.42
福島県,須賀川市,福島県須賀川市,2,65.0,1,1,2.5,37.75,140.47
山形県,米沢市,山形県米沢市,2,49.5,2,0,1.0,38.25,140.34
山口県,山陽小野田市,山口県山陽小野田市,2,26.5,1,1,0.5,34.19,131.47
愛媛県,伊予市,愛媛県伊予市,2,33.5,0,2,2.5,33.84,132.77
岩手県,一関市,岩手県一関市,2,64.0,1,1,1.5,39.7,141.15
東京都,西多摩郡日の出町,東京都西多摩郡日の出町,2,53.5,1,1,1.5,35.69,139.69
和歌山県,紀の川市,和歌山県紀の川市,2,29.5,2,0,3.0,34.23,135.17
兵庫県,神崎郡神河町,兵庫県神崎郡神河町,2,45.0,1,1,3.0,34.69,135.18
奈良県,高市郡明日香村,奈良県高市郡明日香村,1,27.0,1,0,4.0,34.69,135.83
三重県,多気郡多気町,三重県多気郡多気町,1,30.0,0,1,1.0,34.73,136.51
三重県,鳥羽市,三重県鳥羽市,1,30.0,0,1,1.0,34.73,136.51
三重県,北牟婁郡紀北町,三重県北牟婁郡紀北町,1,30.0,0,1,1.0,34.73,136.51
長野県,塩尻市,長野県塩尻市,1,64.0,0,1,1.0,36.65,138.18
北海道,札幌市白石区,北海道札幌市白石区,1,45.0,1,0,2.0,43.06,141.35
奈良県,宇陀郡御杖村,奈良県宇陀郡御杖村,1,60.0,0,1,1.0,34.69,135.83
山形県,鶴岡市,山形県鶴岡市,1,74.0,1,0,1.0,38.25,140.34
三重県,員弁郡東員町,三重県員弁郡東員町,1,22.0,0,1,1.0,34.73,136.51
高知県,香南市,高知県香南市,1,42.0,0,1,2.0,33.56,133.53
福島県,西白河郡矢吹町,福島県西白河郡矢吹町,1,77.0,1,0,2.0,37.75,140.47
東京都,武蔵村山市,東京都武蔵村山市,1,77.0,1,0,2.0,35.69,139.69
岩手県,花巻市,岩手県花巻市,1,77.0,1,0,2.0,39.7,141.15
宮崎県,児湯郡木城町,宮崎県児湯郡木城町,1,58.0,1,0,4.0,31.91,131.42
兵庫県,赤穂市,兵庫県赤穂市,1,25.0,0,1,0.0,34.69,135.18
岡山県,笠岡市,岡山県笠岡市,1,25.0,0,1,0.0,34.66,133.92
山形県,寒河江市,山形県寒河江市,1,25.0,1,0,1.0,38.25,140.34
千葉県,君津市,千葉県君津市,1,25.0,1,0,1.0,35.61,140.11
茨城県,高萩市,茨城県高萩市,1,25.0,1,0,1.0,36.34,140.45
静岡県,御前崎市,静岡県御前崎市,1,25.0,1,0,1.0,34.98,138.38
茨城県,つくばみらい市,茨城県つくばみらい市,1,77.0,1,0,2.0,36.34,140.45
福島県,会津若松市,福島県会津若松市,1,77.0,1,0,2.0,37.75,140.47
熊本県,葦北郡津奈木町,熊本県葦北郡津奈木町,1,62.0,0,1,1.0,32.79,130.71
鹿児島県,出水市,鹿児島県出水市,1,62.0,0,1,1.0,31.56,130.56
岐阜県,下呂市,岐阜県下呂市,1,74.0,0,1,8.0,35.39,136.72
広島県,竹原市,広島県竹原市,1,31.0,1,0,1.0,34.4,132.46
愛知県,丹羽郡大口町,愛知県丹羽郡大口町,1,68.0,1,0,2.0,35.18,136.91
静岡県,御殿場市,静岡県御殿場市,1,68.0,1,0,2.0,34.98,138.38
岐阜県,美濃市,岐阜県美濃市,1,53.0,0,1,3.0,35.39,136.72
佐賀県,神埼市,佐賀県神埼市,1,29.0,1,0,1.0,33.25,130.3
徳島県,阿南市,徳島県阿南市,1,36.0,0,1,5.0,34.07,134.56
埼玉県,坂戸市,埼玉県坂戸市,1,68.0,1,0,9.0,35.86,139.65
埼玉県,行田市,埼玉県行田市,1,68.0,1,0,9.0,35.86,139.65
埼玉県,比企郡小川町,埼玉県比企郡小川町,1,68.0,1,0,9.0,35.86,139.65
静岡県,浜松市浜北区,静岡県浜松市浜北区,1,46.0,0,1,1.0,34.98,138.38
兵庫県,相生市,兵庫県相生市,1,76.0,1,0,3.0,34.69,135.18
兵庫県,宍粟市,兵庫県宍粟市,1,76.0,1,0,3.0,34.69,135.18
山梨県,南都留郡富士河口湖町,山梨県南都留郡富士河口湖町,1,53.0,0,1,3.0,35.66,138.57
宮城県,塩竈市,宮城県塩竈市,1,53.0,0,1,3.0,38.27,140.87
愛知県,新城市,愛知県新城市,1,53.0,0,1,3.0,35.18,136.91
鹿児島県,肝属郡錦江町,鹿児島県肝属郡錦江町,1,53.0,0,1,3.0,31.56,130.56
宮崎県,都城市,宮崎県都城市,1,53.0,1,0,2.0,31.91,131.42
青森県,三沢市,青森県三沢市,1,29.0,0,1,1.0,40.82,140.74
広島県,三次市,広島県三次市,1,55.0,0,1,1.0,34.4,132.46
群馬県,みどり市,群馬県みどり市,1,69.0,0,1,2.0,36.39,139.06
広島県,安芸高田市,広島県安芸高田市,1,29.0,1,0,0.0,34.4,132.46
広島県,東広島市,広島県東広島市,1,29.0,1,0,0.0,34.4,132.46
宮城県,加美郡加美町,宮城県加美郡加美町,1,29.0,1,0,0.0,38.27,140.87
鹿児島県,南九州市,鹿児島県南九州市,1,34.0,1,0,2.0,31.56,130.56
奈良県,高市郡高取町,奈良県高市郡高取町,1,27.0,1,0,4.0,34.69,135.83
佐賀県,三養基郡基山町,佐賀県三養基郡基山町,1,34.0,0,1,1.0,33.25,130.3
和歌山県,西牟婁郡白浜町,和歌山県西牟婁郡白浜町,1,45.0,1,0,2.0,34.23,135.17
山梨県,都留市,山梨県都留市,1,65.0,1,0,5.0,35.66,138.57
長野県,大町市,長野県大町市,1,64.0,1,0,4.0,36.65,138.18
富山県,富山市,富山県富山市,1,64.0,1,0,4.0,36.7,137.21
茨城県,石岡市,茨城県石岡市,1,64.0,1,0,4.0,36.34,140.45
新潟県,新潟市北区,新潟県新潟市北区,1,64.0,1,0,4.0,37.9,139.02
茨城県,常陸太田市,茨城県常陸太田市,1,64.0,1,0,4.0,36.34,140.45
福岡県,豊前市,福岡県豊前市,1,47.0,1,0,2.0,33.61,130.42
北海道,釧路市,北海道釧路市,1,63.0,0,1,4.0,43.06,141.35
広島県,三原市,広島県三原市,1,59.0,0,1,2.0,34.4,132.46
千葉県,印旛郡酒々井町,千葉県印旛郡酒々井町,1,31.0,1,0,2.0,35.61,140.11
和歌山県,伊都郡かつらぎ町,和歌山県伊都郡かつらぎ町,1,32.0,1,0,2.0,34.23,135.17
宮城県,宮城郡七ヶ浜町,宮城県宮城郡七ヶ浜町,1,32.0,0,1,2.0,38.27,140.87
千葉県,山武郡横芝光町,千葉県山武郡横芝光町,1,32.0,0,1,2.0,35.61,140.11
群馬県,邑楽郡邑楽町,群馬県邑楽郡邑楽町,1,48.0,1,0,3.0,36.39,139.06
山梨県,南巨摩郡身延町,山梨県南巨摩郡身延町,1,48.0,1,0,3.0,35.66,138.57
静岡県,熱海市,静岡県熱海市,1,52.0,1,0,11.0,34.98,138.38
福井県,三方郡美浜町,福井県三方郡美浜町,1,44.0,0,1,1.0,36.07,136.22
新潟県,新発田市,新潟県新発田市,1,32.0,0,1,2.0,37.9,139.02
静岡県,浜松市北区,静岡県浜松市北区,1,66.0,0,1,2.0,34.98,138.38
群馬県,富岡市,群馬県富岡市,1,64.0,1,0,4.0,36.39,139.06
茨城県,龍ケ崎市,茨城県龍ケ崎市,1,65.0,1,0,5.0,36.34,140.45
茨城県,常陸大宮市,茨城県常陸大宮市,1,65.0,1,0,5.0,36.34,140.45
岩手県,久慈市,岩手県久慈市,1,65.0,1,0,5.0,39.7,141.15
千葉県,銚子市,千葉県銚子市,1,64.0,1,0,4.0,35.61,140.11
群馬県,北群馬郡榛東村,群馬県北群馬郡榛東村,1,64.0,1,0,4.0,36.39,139.06
新潟県,佐渡市,新潟県佐渡市,1,64.0,1,0,4.0,37.9,139.02
新潟県,三条市,新潟県三条市,1,64.0,1,0,4.0,37.9,139.02
群馬県,沼田市,群馬県沼田市,1,64.0,1,0,4.0,36.39,139.06
群馬県,北群馬郡吉岡町,群馬県北群馬郡吉岡町,1,64.0,1,0,4.0,36.39,139.06
千葉県,山武郡九十九里町,千葉県山武郡九十九里町,1,64.0,1,0,4.0,35.61,140.11
青森県,黒石市,青森県黒石市,1,65.0,1,0,5.0,40.82,140.74
青森県,青森市,青森県青森市,1,65.0,1,0,5.0,40.82,140.74
新潟県,南魚沼市,新潟県南魚沼市,1,64.0,1,0,4.0,37.9,139.02
栃木県,那須烏山市,栃木県那須烏山市,1,64.0,1,0,4.0,36.57,139.88
静岡県,焼津市,静岡県焼津市,1,64.0,1,0,4.0,34.98,138.38
静岡県,袋井市,静岡県袋井市,1,64.0,1,0,4.0,34.98,138.38
埼玉県,大里郡寄居町,埼玉県大里郡寄居町,1,64.0,1,0,4.0,35.86,139.65
愛知県,碧南市,愛知県碧南市,1,44.0,0,1,2.0,35.18,136.91
徳島県,,徳島県,1,48.0,1,0,3.0,34.07,134.56
福岡県,筑紫郡那珂川町,福岡県筑紫郡那珂川町,1,29.0,0,1,6.0,33.61,130.42
佐賀県,嬉野市,佐賀県嬉野市,1,29.0,0,1,6.0,33.25,130.3
佐賀県,鹿島市,佐賀県鹿島市,1,29.0,0,1,6.0,33.25,130.3
佐賀県,小城市,佐賀県小城市,1,29.0,0,1,6.0,33.25,130.3
福岡県,糟屋郡新宮町,福岡県糟屋郡新宮町,1,29.0,0,1,6.0,33.61,130.42
静岡県,三島市,静岡県三島市,1,29.0,0,1,6.0,34.98,138.38
宮崎県,北諸県郡三股町,宮崎県北諸県郡三股町,1,29.0,0,1,6.0,31.91,131.42
山口県,萩市,山口県萩市,1,29.0,0,1,6.0,34.19,131.47
秋田県,雄勝郡羽後町,秋田県雄勝郡羽後町,1,29.0,0,1,6.0,39.72,140.1
秋田県,大館市,秋田県大館市,1,29.0,0,1,6.0,39.72,140.1
山形県,西村山郡大江町,山形県西村山郡大江町,1,29.0,0,1,6.0,38.25,140.34
東京都,稲城市,東京都稲城市,1,29.0,0,1,6.0,35.69,139.69
宮城県,多賀城市,宮城県多賀城市,1,29.0,0,1,6.0,38.27,140.87
福岡県,遠賀郡岡垣町,福岡県遠賀郡岡垣町,1,29.0,0,1,6.0,33.61,130.42
愛知県,蒲郡市,愛知県蒲郡市,1,29.0,0,1,6.0,35.18,136.91
福岡県,朝倉郡筑前町,福岡県朝倉郡筑前町,1,29.0,0,1,6.0,33.61,130.42
沖縄県,中頭郡北谷町,沖縄県中頭郡北谷町,1,39.0,0,1,2.0,26.21,127.68
沖縄県,国頭郡宜野座村,沖縄県国頭郡宜野座村,1,39.0,0,1,2.0,26.21,127.68
福島県,伊達市,福島県伊達市,1,69.0,0,1,3.0,37.75,140.47
秋田県,能代市,秋田県能代市,1,29.0,0,1,6.0,39.72,140.1
広島県,大竹市,広島県大竹市,1,30.0,1,0,1.0,34.4,132.46
広島県,安芸郡坂町,広島県安芸郡坂町,1,30.0,1,0,1.0,34.4,132.46
埼玉県,比企郡嵐山町,埼玉県比企郡嵐山町,1,29.0,0,1,6.0,35.86,139.65
静岡県,藤枝市,静岡県藤枝市,1,29.0,0,1,6.0,34.98,138.38
静岡県,賀茂郡南伊豆町,静岡県賀茂郡南伊豆町,1,29.0,0,1,6.0,34.98,138.38
山口県,防府市,山口県防府市,1,29.0,0,1,6.0,34.19,131.47
福岡県,遠賀郡遠賀町,福岡県遠賀郡遠賀町,1,29.0,0,1,6.0,33.61,130.42
山口県,大島郡周防大島町,山口県大島郡周防大島町,1,29.0,0,1,6.0,34.19,131.47
岩手県,北上市,岩手県北上市,1,32.0,0,1,2.0,39.7,141.15
岐阜県,揖斐郡池田町,岐阜県揖斐郡池田町,1,32.0,0,1,2.0,35.39,136.72
北海道,苫小牧市,北海道苫小牧市,1,32.0,0,1,2.0,43.06,141.35
茨城県,坂東市,茨城県坂東市,1,32.0,0,1,2.0,36.34,140.45
福岡県,北九州市若松区,福岡県北九州市若松区,1,29.0,0,1,6.0,33.61,130.42
富山県,砺波市,富山県砺波市,1,29.0,0,1,6.0,36.7,137.21
富山県,射水市,富山県射水市,1,29.0,0,1,6.0,36.7,137.21
神奈川県,中郡大磯町,神奈川県中郡大磯町,1,29.0,0,1,6.0,35.45,139.64
佐賀県,佐賀市,佐賀県佐賀市,1,29.0,0,1,6.0,33.25,130.3
宮城県,宮城郡利府町,宮城県宮城郡利府町,1,29.0,0,1,6.0,38.27,140.87
静岡県,島田市,静岡県島田市,1,29.0,0,1,6.0,34.98,138.38
山口県,周南市,山口県周南市,1,29.0,0,1,6.0,34.19,131.47
山口県,光市,山口県光市,1,29.0,0,1,6.0,34.19,131.47
大分県,速見郡日出町,大分県速見郡日出町,1,67.0,1,0,2.0,33.24,131.61
大分県,別府市,大分県別府市,1,67.0,1,0,2.0,33.24,131.61
栃木県,矢板市,栃木県矢板市,1,64.0,1,0,4.0,36.57,139.88
茨城県,那珂郡東海村,茨城県那珂郡東海村,1,64.0,1,0,4.0,36.34,140.45
静岡県,田方郡函南町,静岡県田方郡函南町,1,64.0,1,0,4.0,34.98,138.38
静岡県,伊豆の国市,静岡県伊豆の国市,1,64.0,1,0,4.0,34.98,138.38
長野県,千曲市,長野県千曲市,1,64.0,1,0,4.0,36.65,138.18
岡山県,備前市,岡山県備前市,1,64.0,1,0,4.0,34.66,133.92
新潟県,村上市,新潟県村上市,1,64.0,1,0,4.0,37.9,139.02
新潟県,妙高市,新潟県妙高市,1,64.0,1,0,4.0,37.9,139.02
福島県,いわき市,福島県いわき市,1,64.0,1,0,4.0,37.75,140.47
愛知県,弥富市,愛知県弥富市,1,66.0,0,1,2.0,35.18,136.91
岐阜県,可児郡御嵩町,岐阜県可児郡御嵩町,1,66.0,0,1,2.0,35.39,136.72
岐阜県,加茂郡白川町,岐阜県加茂郡白川町,1,66.0,0,1,2.0,35.39,136.72
岐阜県,本巣市,岐阜県本巣市,1,66.0,0,1,2.0,35.39,136.72
岐阜県,加茂郡坂祝町,岐阜県加茂郡坂祝町,1,66.0,0,1,2.0,35.39,136.72
岡山県,岡山市中区,岡山県岡山市中区,1,29.0,0,1,6.0,34.66,133.92
沖縄県,宮古島市,沖縄県宮古島市,1,29.0,0,1,6.0,26.21,127.68
佐賀県,多久市,佐賀県多久市,1,29.0,0,1,6.0,33.25,130.3
沖縄県,浦添市,沖縄県浦添市,1,29.0,0,1,6.0,26.21,127.68
北海道,二海郡八雲町,北海道二海郡八雲町,1,29.0,0,1,6.0,43.06,141.35
山口県,下松市,山口県下松市,1,29.0,0,1,6.0,34.19,131.47
岡山県,高梁市,岡山県高梁市,1,29.0,0,1,6.0,34.66,133.92
北海道,虻田郡倶知安町,北海道虻田郡倶知安町,1,29.0,0,1,6.0,43.06,141.35
秋田県,大仙市,秋田県大仙市,1,29.0,0,1,6.0,39.72,140.1
神奈川県,三浦市,神奈川県三浦市,1,29.0,0,1,6.0,35.45,139.64
茨城県,行方市,茨城県行方市,1,29.0,0,1,6.0,36.34,140.45
北海道,河東郡音更町,北海道河東郡音更町,1,29.0,0,1,6.0,43.06,141.35
山形県,上山市,山形県上山市,1,32.0,0,1,2.0,38.25,140.34
千葉県,長生郡一宮町,千葉県長生郡一宮町,1,32.0,0,1,2.0,35.61,140.11
秋田県,秋田市,秋田県秋田市,1,32.0,0,1,2.0,39.72,140.1
長野県,飯田市,長野県飯田市,1,29.0,0,1,6.0,36.65,138.18
佐賀県,武雄市,佐賀県武雄市,1,29.0,0,1,6.0,33.25,130.3
沖縄県,国頭郡本部町,沖縄県国頭郡本部町,1,29.0,0,1,6.0,26.21,127.68
北海道,千歳市,北海道千歳市,1,29.0,0,1,6.0,43.06,141.35
新潟県,新潟市秋葉区,新潟県新潟市秋葉区,1,29.0,0,1,6.0,37.9,139.02
新潟県,五泉市,新潟県五泉市,1,29.0,0,1,6.0,37.9,139.02
宮城県,石巻市,宮城県石巻市,1,29.0,0,1,6.0,38.27,140.87
愛媛県,新居浜市,愛媛県新居浜市,1,29.0,0,1,6.0,33.84,132.77
富山県,高岡市,富山県高岡市,1,29.0,0,1,6.0,36.7,137.21
静岡県,賀茂郡西伊豆町,静岡県賀茂郡西伊豆町,1,29.0,0,1,6.0,34.98,138.38
福岡県,北九州市小倉南区,福岡県北九州市小倉南区,1,29.0,0,1,6.0,33.61,130.42
熊本県,菊池郡菊陽町,熊本県菊池郡菊陽町,1,29.0,0,1,6.0,32.79,130.71
愛知県,知多郡武豊町,愛知県知多郡武豊町,1,29.0,0,1,6.0,35.18,136.91
宮崎県,延岡市,宮崎県延岡市,1,29.0,0,1,6.0,31.91,131.42
山梨県,中央市,山梨県中央市,1,43.0,0,1,3.0,35.66,138.57
山梨県,南アルプス市,山梨県南アルプス市,1,43.0,0,1,3.0,35.66,138.57
佐賀県,西松浦郡有田町,佐賀県西松浦郡有田町,1,74.0,1,0,2.0,33.25,130.3
熊本県,菊池市,熊本県菊池市,1,23.0,1,0,0.0,32.79,130.71
福岡県,大牟田市,福岡県大牟田市,1,23.0,1,0,0.0,33.61,130.42
福岡県,筑後市,福岡県筑後市,1,23.0,1,0,0.0,33.61,130.42
岡山県,浅口郡里庄町,岡山県浅口郡里庄町,1,49.0,0,1,3.0,34.66,133.92
山梨県,甲州市,山梨県甲州市,1,43.0,0,1,3.0,35.66,138.57
山梨県,山梨市,山梨県山梨市,1,43.0,0,1,3.0,35.66,138.57
青森県,上北郡東北町,青森県上北郡東北町,1,32.0,0,1,2.0,40.82,140.74
山梨県,北杜市,山梨県北杜市,1,43.0,0,1,3.0,35.66,138.57
北海道,札幌市厚別区,北海道札幌市厚別区,1,29.0,0,1,6.0,43.06,141.35
北海道,札幌市清田区,北海道札幌市清田区,1,29.0,0,1,6.0,43.06,141.35
福井県,鯖江市,福井県鯖江市,1,29.0,0,1,6.0,36.07,136.22
岡山県,岡山市東区,岡山県岡山市東区,1,29.0,0,1,6.0,34.66,133.92
佐賀県,神埼郡吉野ヶ里町,佐賀県神埼郡吉野ヶ里町,1,29.0,0,1,6.0,33.25,130.3
岡山県,小田郡矢掛町,岡山県小田郡矢掛町,1,49.0,0,1,3.0,34.66,133.92
長野県,諏訪市,長野県諏訪市,1,29.0,0,1,6.0,36.65,138.18
兵庫県,南あわじ市,兵庫県南あわじ市,1,64.0,1,0,3.0,34.69,135.18
静岡県,賀茂郡東伊豆町,静岡県賀茂郡東伊豆町,1,64.0,1,0,3.0,34.98,138.38
大阪府,阪南市,大阪府阪南市,1,43.0,1,0,5.0,34.69,135.5
和歌山県,田辺市,和歌山県田辺市,1,26.0,0,1,2.0,34.23,135.17
神奈川県,高座郡寒川町,神奈川県高座郡寒川町,1,58.0,0,1,2.0,35.45,139.64
静岡県,湖西市,静岡県湖西市,1,66.0,0,1,2.0,34.98,138.38
岡山県,井原市,岡山県井原市,1,49.0,0,1,3.0,34.66,133.92
福岡県,築上郡築上町,福岡県築上郡築上町,1,62.0,1,0,2.0,33.61,130.42
神奈川県,足柄下郡湯河原町,神奈川県足柄下郡湯河原町,1,44.0,1,0,3.0,35.45,139.64
千葉県,旭市,千葉県旭市,1,44.0,1,0,3.0,35.61,140.11
埼玉県,北足立郡伊奈町,埼玉県北足立郡伊奈町,1,44.0,1,0,3.0,35.86,139.65
福岡県,うきは市,福岡県うきは市,1,26.0,1,0,1.0,33.61,130.42
千葉県,富津市,千葉県富津市,1,26.0,1,0,1.0,35.61,140.11
岡山県,浅口市,岡山県浅口市,1,49.0,0,1,3.0,34.66,133.92
茨城県,潮来市,茨城県潮来市,1,68.0,1,0,9.0,36.34,140.45
茨城県,笠間市,茨城県笠間市,1,68.0,1,0,9.0,36.34,140.45
和歌山県,東牟婁郡串本町,和歌山県東牟婁郡串本町,1,29.0,0,1,6.0,34.23,135.17
北海道,野付郡別海町,北海道野付郡別海町,1,29.0,0,1,6.0,43.06,141.35
宮崎県,日南市,宮崎県日南市,1,29.0,0,1,6.0,31.91,131.42
長野県,北佐久郡軽井沢町,長野県北佐久郡軽井沢町,1,29.0,0,1,6.0,36.65,138.18
富山県,黒部市,富山県黒部市,1,29.0,0,1,6.0,36.7,137.21
愛媛県,四国中央市,愛媛県四国中央市,1,35.0,1,0,1.0,33.84,132.77
愛媛県,西条市,愛媛県西条市,1,65.0,1,0,2.0,33.84,132.77
新潟県,長岡市,新潟県長岡市,1,70.0,1,0,2.0,37.9,139.02
岐阜県,羽島郡笠松町,岐阜県羽島郡笠松町,1,26.0,1,0,0.0,35.39,136.72
鹿児島県,鹿屋市,鹿児島県鹿屋市,1,28.0,1,0,0.0,31.56,130.56
福岡県,飯塚市,福岡県飯塚市,1,59.0,1,0,3.0,33.61,130.42
埼玉県,幸手市,埼玉県幸手市,1,62.0,0,1,1.0,35.86,139.65
沖縄県,島尻郡伊是名村,沖縄県島尻郡伊是名村,1,63.0,0,1,5.0,26.21,127.68
三重県,多気郡明和町,三重県多気郡明和町,1,30.0,0,1,1.0,34.73,136.51
三重県,度会郡大紀町,三重県度会郡大紀町,1,30.0,0,1,1.0,34.73,136.51
山梨県,上野原市,山梨県上野原市,1,30.0,0,1,1.0,35.66,138.57
東京都,神津島村,東京都神津島村,1,30.0,0,1,1.0,35.69,139.69
三重県,度会郡度会町,三重県度会郡度会町,1,30.0,0,1,1.0,34.73,136.51
鹿児島県,奄美市,鹿児島県奄美市,1,50.0,0,1,0.0,31.56,130.56
香川県,仲多度郡多度津町,香川県仲多度郡多度津町,1,35.0,1,0,1.0,34.34,134.04
高知県,香美市,高知県香美市,1,35.0,1,0,1.0,33.56,133.53
山口県,熊毛郡田布施町,山口県熊毛郡田布施町,1,25.0,0,1,0.0,34.19,131.47
新潟県,上越市,新潟県上越市,1,25.0,0,1,0.0,37.9,139.02
鹿児島県,指宿市,鹿児島県指宿市,1,25.0,0,1,0.0,31.56,130.56
長崎県,島原市,長崎県島原市,1,25.0,0,1,0.0,32.75,129.88
長崎県,南島原市,長崎県南島原市,1,25.0,0,1,0.0,32.75,129.88
山口県,熊毛郡平生町,山口県熊毛郡平生町,1,25.0,0,1,0.0,34.19,131.47
三重県,伊勢市,三重県伊勢市,1,30.0,0,1,1.0,34.73,136.51
三重県,度会郡玉城町,三重県度会郡玉城町,1,30.0,0,1,1.0,34.73,136.51
福井県,大野市,福井県大野市,1,56.0,0,1,4.0,36.07,136.22
福井県,勝山市,福井県勝山市,1,56.0,0,1,4.0,36.07,136.22
鹿児島県,いちき串木野市,鹿児島県いちき串木野市,1,34.0,1,0,2.0,31.56,130.56
長崎県,大村市,長崎県大村市,1,52.0,1,0,2.0,32.75,129.88
長崎県,松浦市,長崎県松浦市,1,52.0,1,0,2.0,32.75,129.88
埼玉県,北葛飾郡杉戸町,埼玉県北葛飾郡杉戸町,1,62.0,0,1,1.0,35.86,139.65
富山県,南砺市,富山県南砺市,1,81.0,1,0,1.0,36.7,137.21
秋田県,仙北郡美郷町,秋田県仙北郡美郷町,1,54.0,1,0,0.0,39.72,140.1
