prefecture,municipality,location_key,applicant_count
京都府,京都市伏見区,京都府京都市伏見区,1748
京都府,京都市右京区,京都府京都市右京区,1118
京都府,京都市山科区,京都府京都市山科区,1033
京都府,京都市西京区,京都府京都市西京区,922
京都府,京都市南区,京都府京都市南区,885
京都府,宇治市,京都府宇治市,873
京都府,京都市中京区,京都府京都市中京区,818
京都府,京都市下京区,京都府京都市下京区,804
京都府,京都市上京区,京都府京都市上京区,612
京都府,京都市左京区,京都府京都市左京区,610
京都府,京都市北区,京都府京都市北区,595
京都府,,京都府,500
京都府,長岡京市,京都府長岡京市,481
大阪府,枚方市,大阪府枚方市,432
京都府,木津川市,京都府木津川市,418
京都府,八幡市,京都府八幡市,389
京都府,城陽市,京都府城陽市,379
京都府,京都市東山区,京都府京都市東山区,358
滋賀県,大津市,滋賀県大津市,343
奈良県,奈良市,奈良県奈良市,327
京都府,向日市,京都府向日市,327
京都府,亀岡市,京都府亀岡市,308
京都府,京田辺市,京都府京田辺市,302
大阪府,高槻市,大阪府高槻市,237
京都府,相楽郡精華町,京都府相楽郡精華町,184
滋賀県,草津市,滋賀県草津市,161
大阪府,,大阪府,160
大阪府,大阪市北区,大阪府大阪市北区,159
京都府,福知山市,京都府福知山市,153
京都府,舞鶴市,京都府舞鶴市,141
大阪府,茨木市,大阪府茨木市,140
京都府,南丹市,京都府南丹市,135
大阪府,東大阪市,大阪府東大阪市,130
大阪府,寝屋川市,大阪府寝屋川市,129
大阪府,吹田市,大阪府吹田市,115
大阪府,大阪市中央区,大阪府大阪市中央区,111
大阪府,交野市,大阪府交野市,108
大阪府,豊中市,大阪府豊中市,105
大阪府,大阪市東淀川区,大阪府大阪市東淀川区,101
京都府,久世郡久御山町,京都府久世郡久御山町,101
大阪府,大阪市淀川区,大阪府大阪市淀川区,96
奈良県,生駒市,奈良県生駒市,93
大阪府,守口市,大阪府守口市,90
京都府,乙訓郡大山崎町,京都府乙訓郡大山崎町,85
大阪府,大阪市生野区,大阪府大阪市生野区,80
大阪府,大阪市平野区,大阪府大阪市平野区,79
大阪府,大阪市都島区,大阪府大阪市都島区,78
大阪府,大阪市城東区,大阪府大阪市城東区,77
滋賀県,守山市,滋賀県守山市,77
大阪府,大阪市西成区,大阪府大阪市西成区,75
滋賀県,栗東市,滋賀県栗東市,75
大阪府,大阪市浪速区,大阪府大阪市浪速区,75
奈良県,大和郡山市,奈良県大和郡山市,75
兵庫県,尼崎市,兵庫県尼崎市,66
大阪府,門真市,大阪府門真市,66
大阪府,大阪市西区,大阪府大阪市西区,62
大阪府,大阪市住吉区,大阪府大阪市住吉区,59
大阪府,八尾市,大阪府八尾市,59
京都府,京丹後市,京都府京丹後市,58
大阪府,大阪市天王寺区,大阪府大阪市天王寺区,58
大阪府,大東市,大阪府大東市,57
大阪府,大阪市西淀川区,大阪府大阪市西淀川区,57
兵庫県,西宮市,兵庫県西宮市,56
大阪府,大阪市旭区,大阪府大阪市旭区,56
滋賀県,,滋賀県,56
大阪府,大阪市東成区,大阪府大阪市東成区,55
大阪府,大阪市鶴見区,大阪府大阪市鶴見区,54
大阪府,箕面市,大阪府箕面市,53
大阪府,大阪市東住吉区,大阪府大阪市東住吉区,53
大阪府,大阪市阿倍野区,大阪府大阪市阿倍野区,53
兵庫県,,兵庫県,52
大阪府,摂津市,大阪府摂津市,52
大阪府,三島郡島本町,大阪府三島郡島本町,51
大阪府,大阪市福島区,大阪府大阪市福島区,49
奈良県,,奈良県,46
京都府,綾部市,京都府綾部市,44
大阪府,大阪市住之江区,大阪府大阪市住之江区,42
滋賀県,野洲市,滋賀県野洲市,41
奈良県,天理市,奈良県天理市,38
京都府,与謝郡与謝野町,京都府与謝郡与謝野町,38
奈良県,橿原市,奈良県橿原市,38
大阪府,堺市北区,大阪府堺市北区,37
京都府,綴喜郡宇治田原町,京都府綴喜郡宇治田原町,35
兵庫県,宝塚市,兵庫県宝塚市,35
京都府,綴喜郡井手町,京都府綴喜郡井手町,34
滋賀県,彦根市,滋賀県彦根市,33
京都府,宮津市,京都府宮津市,33
大阪府,池田市,大阪府池田市,33
大阪府,大阪市此花区,大阪府大阪市此花区,32
大阪府,大阪市港区,大阪府大阪市港区,32
大阪府,堺市堺区,大阪府堺市堺区,31
兵庫県,神戸市中央区,兵庫県神戸市中央区,30
東京都,渋谷区,東京都渋谷区,30
兵庫県,神戸市灘区,兵庫県神戸市灘区,30
兵庫県,伊丹市,兵庫県伊丹市,30
大阪府,四條畷市,大阪府四條畷市,29
大阪府,堺市中区,大阪府堺市中区,29
大阪府,大阪市大正区,大阪府大阪市大正区,28
京都府,船井郡京丹波町,京都府船井郡京丹波町,26
東京都,大田区,東京都大田区,26
東京都,世田谷区,東京都世田谷区,26
東京都,,東京都,26
兵庫県,神戸市北区,兵庫県神戸市北区,25
兵庫県,芦屋市,兵庫県芦屋市,25
兵庫県,川西市,兵庫県川西市,25
兵庫県,神戸市東灘区,兵庫県神戸市東灘区,25
大阪府,堺市南区,大阪府堺市南区,24
東京都,練馬区,東京都練馬区,24
東京都,杉並区,東京都杉並区,24
大阪府,羽曳野市,大阪府羽曳野市,24
東京都,港区,東京都港区,24
東京都,文京区,東京都文京区,23
大阪府,堺市西区,大阪府堺市西区,23
滋賀県,湖南市,滋賀県湖南市,22
福井県,大飯郡高浜町,福井県大飯郡高浜町,22
神奈川県,横浜市港北区,神奈川県横浜市港北区,22
大阪府,和泉市,大阪府和泉市,22
神奈川県,横浜市青葉区,神奈川県横浜市青葉区,22
東京都,新宿区,東京都新宿区,22
大阪府,藤井寺市,大阪府藤井寺市,22
東京都,板橋区,東京都板橋区,22
東京都,品川区,東京都品川区,21
奈良県,磯城郡田原本町,奈良県磯城郡田原本町,21
大阪府,岸和田市,大阪府岸和田市,21
大阪府,松原市,大阪府松原市,21
神奈川県,,神奈川県,20
神奈川県,横浜市南区,神奈川県横浜市南区,20
奈良県,生駒郡三郷町,奈良県生駒郡三郷町,20
滋賀県,甲賀市,滋賀県甲賀市,20
千葉県,船橋市,千葉県船橋市,20
滋賀県,近江八幡市,滋賀県近江八幡市,19
奈良県,北葛城郡王寺町,奈良県北葛城郡王寺町,19
神奈川県,横浜市緑区,神奈川県横浜市緑区,19
兵庫県,丹波市,兵庫県丹波市,19
埼玉県,川口市,埼玉県川口市,19
愛知県,,愛知県,19
千葉県,柏市,千葉県柏市,18
奈良県,香芝市,奈良県香芝市,18
東京都,足立区,東京都足立区,18
東京都,町田市,東京都町田市,18
神奈川県,川崎市川崎区,神奈川県川崎市川崎区,18
東京都,目黒区,東京都目黒区,18
神奈川県,藤沢市,神奈川県藤沢市,18
大阪府,富田林市,大阪府富田林市,17
奈良県,生駒郡平群町,奈良県生駒郡平群町,17
兵庫県,明石市,兵庫県明石市,17
兵庫県,神戸市西区,兵庫県神戸市西区,17
東京都,千代田区,東京都千代田区,17
兵庫県,姫路市,兵庫県姫路市,17
神奈川県,横浜市中区,神奈川県横浜市中区,17
滋賀県,長浜市,滋賀県長浜市,17
東京都,江戸川区,東京都江戸川区,17
奈良県,生駒郡斑鳩町,奈良県生駒郡斑鳩町,17
神奈川県,鎌倉市,神奈川県鎌倉市,17
東京都,江東区,東京都江東区,17
兵庫県,丹波篠山市,兵庫県丹波篠山市,16
千葉県,市川市,千葉県市川市,16
兵庫県,神戸市垂水区,兵庫県神戸市垂水区,16
愛知県,名古屋市中村区,愛知県名古屋市中村区,16
神奈川県,川崎市宮前区,神奈川県川崎市宮前区,16
滋賀県,東近江市,滋賀県東近江市,16
大阪府,堺市東区,大阪府堺市東区,16
岐阜県,岐阜市,岐阜県岐阜市,15
神奈川県,横浜市戸塚区,神奈川県横浜市戸塚区,15
愛知県,名古屋市緑区,愛知県名古屋市緑区,15
奈良県,大和高田市,奈良県大和高田市,15
兵庫県,三田市,兵庫県三田市,15
千葉県,千葉市中央区,千葉県千葉市中央区,15
愛知県,名古屋市千種区,愛知県名古屋市千種区,15
兵庫県,神戸市兵庫区,兵庫県神戸市兵庫区,15
東京都,北区,東京都北区,15
神奈川県,横浜市都筑区,神奈川県横浜市都筑区,15
千葉県,松戸市,千葉県松戸市,15
神奈川県,大和市,神奈川県大和市,14
東京都,台東区,東京都台東区,14
東京都,中央区,東京都中央区,14
東京都,八王子市,東京都八王子市,14
神奈川県,横浜市鶴見区,神奈川県横浜市鶴見区,14
東京都,豊島区,東京都豊島区,14
愛知県,名古屋市天白区,愛知県名古屋市天白区,14
埼玉県,越谷市,埼玉県越谷市,14
東京都,葛飾区,東京都葛飾区,14
神奈川県,茅ヶ崎市,神奈川県茅ヶ崎市,14
和歌山県,和歌山市,和歌山県和歌山市,14
千葉県,流山市,千葉県流山市,14
兵庫県,神戸市長田区,兵庫県神戸市長田区,14
兵庫県,加古川市,兵庫県加古川市,14
東京都,中野区,東京都中野区,13
千葉県,習志野市,千葉県習志野市,13
神奈川県,相模原市南区,神奈川県相模原市南区,13
大阪府,泉佐野市,大阪府泉佐野市,13
愛知県,名古屋市中区,愛知県名古屋市中区,13
神奈川県,横須賀市,神奈川県横須賀市,13
福岡県,福岡市早良区,福岡県福岡市早良区,12
神奈川県,川崎市多摩区,神奈川県川崎市多摩区,12
大阪府,高石市,大阪府高石市,12
千葉県,市原市,千葉県市原市,12
愛知県,名古屋市守山区,愛知県名古屋市守山区,12
兵庫県,神戸市須磨区,兵庫県神戸市須磨区,12
神奈川県,横浜市神奈川区,神奈川県横浜市神奈川区,12
埼玉県,春日部市,埼玉県春日部市,12
神奈川県,川崎市中原区,神奈川県川崎市中原区,12
埼玉県,,埼玉県,12
神奈川県,横浜市西区,神奈川県横浜市西区,12
大阪府,河内長野市,大阪府河内長野市,12
東京都,荒川区,東京都荒川区,12
大阪府,柏原市,大阪府柏原市,12
東京都,三鷹市,東京都三鷹市,12
埼玉県,新座市,埼玉県新座市,11
東京都,調布市,東京都調布市,11
奈良県,御所市,奈良県御所市,11
大阪府,泉大津市,大阪府泉大津市,11
東京都,墨田区,東京都墨田区,11
神奈川県,川崎市幸区,神奈川県川崎市幸区,11
東京都,多摩市,東京都多摩市,11
埼玉県,所沢市,埼玉県所沢市,11
埼玉県,さいたま市緑区,埼玉県さいたま市緑区,11
埼玉県,さいたま市北区,埼玉県さいたま市北区,11
神奈川県,横浜市保土ケ谷区,神奈川県横浜市保土ケ谷区,11
奈良県,桜井市,奈良県桜井市,11
埼玉県,川越市,埼玉県川越市,11
千葉県,,千葉県,11
埼玉県,さいたま市大宮区,埼玉県さいたま市大宮区,11
神奈川県,相模原市中央区,神奈川県相模原市中央区,11
福岡県,福岡市東区,福岡県福岡市東区,11
福岡県,福岡市南区,福岡県福岡市南区,11
埼玉県,さいたま市西区,埼玉県さいたま市西区,11
大阪府,大阪狭山市,大阪府大阪狭山市,11
愛知県,名古屋市名東区,愛知県名古屋市名東区,10
東京都,西東京市,東京都西東京市,10
福岡県,福岡市博多区,福岡県福岡市博多区,10
東京都,府中市,東京都府中市,10
奈良県,葛城市,奈良県葛城市,10
兵庫県,豊岡市,兵庫県豊岡市,10
埼玉県,狭山市,埼玉県狭山市,10
福岡県,,福岡県,10
神奈川県,平塚市,神奈川県平塚市,10
大阪府,貝塚市,大阪府貝塚市,10
愛知県,名古屋市瑞穂区,愛知県名古屋市瑞穂区,10
愛知県,名古屋市港区,愛知県名古屋市港区,10
埼玉県,さいたま市南区,埼玉県さいたま市南区,10
神奈川県,横浜市旭区,神奈川県横浜市旭区,10
福岡県,福岡市中央区,福岡県福岡市中央区,10
千葉県,千葉市稲毛区,千葉県千葉市稲毛区,10
三重県,津市,三重県津市,9
愛知県,名古屋市南区,愛知県名古屋市南区,9
広島県,広島市中区,広島県広島市中区,9
埼玉県,朝霞市,埼玉県朝霞市,9
千葉県,佐倉市,千葉県佐倉市,9
愛知県,名古屋市西区,愛知県名古屋市西区,9
滋賀県,高島市,滋賀県高島市,9
京都府,相楽郡南山城村,京都府相楽郡南山城村,9
愛知県,名古屋市中川区,愛知県名古屋市中川区,9
埼玉県,和光市,埼玉県和光市,9
埼玉県,さいたま市岩槻区,埼玉県さいたま市岩槻区,9
埼玉県,草加市,埼玉県草加市,9
千葉県,千葉市緑区,千葉県千葉市緑区,9
兵庫県,川辺郡猪名川町,兵庫県川辺郡猪名川町,9
埼玉県,三郷市,埼玉県三郷市,9
岐阜県,各務原市,岐阜県各務原市,9
東京都,立川市,東京都立川市,9
埼玉県,さいたま市見沼区,埼玉県さいたま市見沼区,9
愛知県,一宮市,愛知県一宮市,9
神奈川県,厚木市,神奈川県厚木市,9
三重県,松阪市,三重県松阪市,9
神奈川県,横浜市栄区,神奈川県横浜市栄区,9
神奈川県,秦野市,神奈川県秦野市,8
神奈川県,海老名市,神奈川県海老名市,8
大阪府,堺市美原区,大阪府堺市美原区,8
茨城県,土浦市,茨城県土浦市,8
神奈川県,横浜市泉区,神奈川県横浜市泉区,8
奈良県,北葛城郡河合町,奈良県北葛城郡河合町,8
神奈川県,相模原市緑区,神奈川県相模原市緑区,8
埼玉県,蕨市,埼玉県蕨市,8
千葉県,四街道市,千葉県四街道市,8
千葉県,千葉市若葉区,千葉県千葉市若葉区,8
埼玉県,久喜市,埼玉県久喜市,8
神奈川県,川崎市高津区,神奈川県川崎市高津区,8
千葉県,浦安市,千葉県浦安市,8
神奈川県,横浜市港南区,神奈川県横浜市港南区,8
広島県,福山市,広島県福山市,8
東京都,小平市,東京都小平市,8
滋賀県,蒲生郡日野町,滋賀県蒲生郡日野町,8
奈良県,北葛城郡上牧町,奈良県北葛城郡上牧町,8
神奈川県,横浜市金沢区,神奈川県横浜市金沢区,8
三重県,四日市市,三重県四日市市,8
愛知県,名古屋市東区,愛知県名古屋市東区,8
千葉県,千葉市花見川区,千葉県千葉市花見川区,8
茨城県,つくば市,茨城県つくば市,8
愛媛県,松山市,愛媛県松山市,8
神奈川県,川崎市麻生区,神奈川県川崎市麻生区,8
静岡県,静岡市駿河区,静岡県静岡市駿河区,7
千葉県,成田市,千葉県成田市,7
静岡県,,静岡県,7
埼玉県,入間市,埼玉県入間市,7
群馬県,前橋市,群馬県前橋市,7
愛知県,名古屋市熱田区,愛知県名古屋市熱田区,7
宮城県,,宮城県,7
愛知県,名古屋市昭和区,愛知県名古屋市昭和区,7
愛知県,春日井市,愛知県春日井市,7
愛知県,名古屋市北区,愛知県名古屋市北区,7
長野県,長野市,長野県長野市,7
福井県,小浜市,福井県小浜市,7
広島県,,広島県,7
埼玉県,鴻巣市,埼玉県鴻巣市,7
神奈川県,横浜市磯子区,神奈川県横浜市磯子区,7
福岡県,福岡市西区,福岡県福岡市西区,7
東京都,東久留米市,東京都東久留米市,7
石川県,金沢市,石川県金沢市,7
鹿児島県,鹿児島市,鹿児島県鹿児島市,7
埼玉県,吉川市,埼玉県吉川市,7
東京都,日野市,東京都日野市,7
和歌山県,,和歌山県,7
埼玉県,上尾市,埼玉県上尾市,7
愛知県,瀬戸市,愛知県瀬戸市,7
神奈川県,横浜市瀬谷区,神奈川県横浜市瀬谷区,7
千葉県,千葉市美浜区,千葉県千葉市美浜区,7
東京都,国分寺市,東京都国分寺市,7
千葉県,八千代市,千葉県八千代市,7
東京都,武蔵野市,東京都武蔵野市,7
神奈川県,小田原市,神奈川県小田原市,7
香川県,高松市,香川県高松市,7
埼玉県,さいたま市桜区,埼玉県さいたま市桜区,7
群馬県,太田市,群馬県太田市,7
広島県,広島市東区,広島県広島市東区,6
広島県,広島市安佐南区,広島県広島市安佐南区,6
茨城県,,茨城県,6
岡山県,,岡山県,6
愛知県,あま市,愛知県あま市,6
広島県,広島市南区,広島県広島市南区,6
広島県,広島市佐伯区,広島県広島市佐伯区,6
愛知県,小牧市,愛知県小牧市,6
大阪府,泉南市,大阪府泉南市,6
三重県,鈴鹿市,三重県鈴鹿市,6
愛知県,豊田市,愛知県豊田市,6
岐阜県,,岐阜県,6
大阪府,豊能郡能勢町,大阪府豊能郡能勢町,6
栃木県,宇都宮市,栃木県宇都宮市,6
埼玉県,熊谷市,埼玉県熊谷市,6
東京都,あきる野市,東京都あきる野市,6
埼玉県,白岡市,埼玉県白岡市,6
愛知県,豊橋市,愛知県豊橋市,6
静岡県,富士市,静岡県富士市,6
東京都,国立市,東京都国立市,6
東京都,西多摩郡瑞穂町,東京都西多摩郡瑞穂町,6
福岡県,春日市,福岡県春日市,6
埼玉県,戸田市,埼玉県戸田市,6
奈良県,磯城郡三宅町,奈良県磯城郡三宅町,6
東京都,東村山市,東京都東村山市,6
東京都,青梅市,東京都青梅市,6
沖縄県,,沖縄県,6
奈良県,北葛城郡広陵町,奈良県北葛城郡広陵町,6
栃木県,小山市,栃木県小山市,6
埼玉県,深谷市,埼玉県深谷市,6
神奈川県,座間市,神奈川県座間市,6
千葉県,我孫子市,千葉県我孫子市,6
千葉県,野田市,千葉県野田市,6
沖縄県,那覇市,沖縄県那覇市,6
群馬県,高崎市,群馬県高崎市,6
福井県,大飯郡おおい町,福井県大飯郡おおい町,6
三重県,伊賀市,三重県伊賀市,6
愛知県,半田市,愛知県半田市,6
埼玉県,さいたま市中央区,埼玉県さいたま市中央区,6
静岡県,静岡市葵区,静岡県静岡市葵区,6
神奈川県,伊勢原市,神奈川県伊勢原市,5
埼玉県,さいたま市浦和区,埼玉県さいたま市浦和区,5
岐阜県,多治見市,岐阜県多治見市,5
京都府,相楽郡和束町,京都府相楽郡和束町,5
愛知県,豊明市,愛知県豊明市,5
静岡県,富士宮市,静岡県富士宮市,5
茨城県,水戸市,茨城県水戸市,5
埼玉県,加須市,埼玉県加須市,5
栃木県,足利市,栃木県足利市,5
茨城県,取手市,茨城県取手市,5
茨城県,ひたちなか市,茨城県ひたちなか市,5
奈良県,吉野郡大淀町,奈良県吉野郡大淀町,5
福岡県,那珂川市,福岡県那珂川市,5
群馬県,伊勢崎市,群馬県伊勢崎市,5
福岡県,福岡市城南区,福岡県福岡市城南区,5
沖縄県,沖縄市,沖縄県沖縄市,5
愛知県,江南市,愛知県江南市,5
茨城県,結城市,茨城県結城市,5
岡山県,岡山市北区,岡山県岡山市北区,5
広島県,廿日市市,広島県廿日市市,5
高知県,高知市,高知県高知市,5
奈良県,生駒郡安堵町,奈良県生駒郡安堵町,5
埼玉県,蓮田市,埼玉県蓮田市,5
三重県,桑名市,三重県桑名市,5
兵庫県,西脇市,兵庫県西脇市,5
東京都,小金井市,東京都小金井市,5
北海道,札幌市中央区,北海道札幌市中央区,5
茨城県,守谷市,茨城県守谷市,5
北海道,,北海道,5
栃木県,,栃木県,5
和歌山県,橋本市,和歌山県橋本市,5
滋賀県,蒲生郡竜王町,滋賀県蒲生郡竜王町,5
埼玉県,桶川市,埼玉県桶川市,5
愛知県,刈谷市,愛知県刈谷市,5
愛知県,犬山市,愛知県犬山市,5
広島県,広島市西区,広島県広島市西区,5
福岡県,朝倉市,福岡県朝倉市,5
岐阜県,大垣市,岐阜県大垣市,5
東京都,昭島市,東京都昭島市,5
島根県,,島根県,5
大阪府,泉南郡熊取町,大阪府泉南郡熊取町,4
兵庫県,朝来市,兵庫県朝来市,4
福島県,郡山市,福島県郡山市,4
三重県,名張市,三重県名張市,4
茨城県,日立市,茨城県日立市,4
茨城県,牛久市,茨城県牛久市,4
埼玉県,八潮市,埼玉県八潮市,4
千葉県,印西市,千葉県印西市,4
長野県,松本市,長野県松本市,4
福井県,越前市,福井県越前市,4
香川県,,香川県,4
山形県,山形市,山形県山形市,4
埼玉県,富士見市,埼玉県富士見市,4
愛媛県,,愛媛県,4
愛知県,安城市,愛知県安城市,4
三重県,志摩市,三重県志摩市,4
兵庫県,小野市,兵庫県小野市,4
兵庫県,淡路市,兵庫県淡路市,4
福岡県,久留米市,福岡県久留米市,4
愛知県,稲沢市,愛知県稲沢市,4
秋田県,,秋田県,4
山口県,山口市,山口県山口市,4
奈良県,五條市,奈良県五條市,4
熊本県,熊本市南区,熊本県熊本市南区,4
広島県,広島市安佐北区,広島県広島市安佐北区,4
愛知県,大府市,愛知県大府市,4
長崎県,長崎市,長崎県長崎市,4
埼玉県,入間郡三芳町,埼玉県入間郡三芳町,4
愛知県,尾張旭市,愛知県尾張旭市,4
東京都,東大和市,東京都東大和市,4
岡山県,総社市,岡山県総社市,4
埼玉県,ふじみ野市,埼玉県ふじみ野市,4
千葉県,袖ケ浦市,千葉県袖ケ浦市,4
岡山県,倉敷市,岡山県倉敷市,4
福岡県,古賀市,福岡県古賀市,4
神奈川県,足柄上郡開成町,神奈川県足柄上郡開成町,4
岐阜県,可児市,岐阜県可児市,4
三重県,,三重県,4
埼玉県,北本市,埼玉県北本市,4
京都府,相楽郡笠置町,京都府相楽郡笠置町,4
大阪府,豊能郡豊能町,大阪府豊能郡豊能町,4
埼玉県,東松山市,埼玉県東松山市,4
静岡県,浜松市中区,静岡県浜松市中区,4
千葉県,鎌ケ谷市,千葉県鎌ケ谷市,4
兵庫県,三木市,兵庫県三木市,4
福岡県,大野城市,福岡県大野城市,4
兵庫県,加東市,兵庫県加東市,4
東京都,狛江市,東京都狛江市,4
神奈川県,綾瀬市,神奈川県綾瀬市,4
石川県,,石川県,4
埼玉県,本庄市,埼玉県本庄市,4
滋賀県,米原市,滋賀県米原市,4
富山県,,富山県,4
和歌山県,岩出市,和歌山県岩出市,4
岐阜県,羽島郡岐南町,岐阜県羽島郡岐南町,4
兵庫県,多可郡多可町,兵庫県多可郡多可町,4
山梨県,甲府市,山梨県甲府市,4
熊本県,熊本市中央区,熊本県熊本市中央区,4
福井県,,福井県,4
栃木県,栃木市,栃木県栃木市,3
茨城県,神栖市,茨城県神栖市,3
岐阜県,美濃加茂市,岐阜県美濃加茂市,3
愛知県,西春日井郡豊山町,愛知県西春日井郡豊山町,3
千葉県,香取市,千葉県香取市,3
茨城県,小美玉市,茨城県小美玉市,3
岐阜県,関市,岐阜県関市,3
新潟県,新潟市江南区,新潟県新潟市江南区,3
広島県,尾道市,広島県尾道市,3
熊本県,熊本市北区,熊本県熊本市北区,3
熊本県,熊本市東区,熊本県熊本市東区,3
福島県,福島市,福島県福島市,3
愛知県,岡崎市,愛知県岡崎市,3
愛知県,豊川市,愛知県豊川市,3
徳島県,鳴門市,徳島県鳴門市,3
愛知県,津島市,愛知県津島市,3
岩手県,,岩手県,3
福島県,,福島県,3
福岡県,北九州市八幡西区,福岡県北九州市八幡西区,3
群馬県,,群馬県,3
大分県,大分市,大分県大分市,3
三重県,亀山市,三重県亀山市,3
福井県,三方上中郡若狭町,福井県三方上中郡若狭町,3
奈良県,山辺郡山添村,奈良県山辺郡山添村,3
千葉県,木更津市,千葉県木更津市,3
沖縄県,うるま市,沖縄県うるま市,3
鳥取県,鳥取市,鳥取県鳥取市,3
山梨県,,山梨県,3
愛知県,清須市,愛知県清須市,3
鹿児島県,,鹿児島県,3
北海道,札幌市西区,北海道札幌市西区,3
愛知県,知多市,愛知県知多市,3
熊本県,,熊本県,3
群馬県,桐生市,群馬県桐生市,3
群馬県,安中市,群馬県安中市,3
福岡県,糟屋郡粕屋町,福岡県糟屋郡粕屋町,3
福岡県,福津市,福岡県福津市,3
兵庫県,高砂市,兵庫県高砂市,3
北海道,札幌市東区,北海道札幌市東区,3
愛知県,西尾市,愛知県西尾市,3
千葉県,茂原市,千葉県茂原市,3
愛知県,常滑市,愛知県常滑市,3
宮城県,仙台市若林区,宮城県仙台市若林区,3
宮崎県,宮崎市,宮崎県宮崎市,3
静岡県,静岡市清水区,静岡県静岡市清水区,3
長野県,,長野県,3
埼玉県,鶴ヶ島市,埼玉県鶴ヶ島市,3
静岡県,磐田市,静岡県磐田市,3
群馬県,邑楽郡大泉町,群馬県邑楽郡大泉町,3
石川県,加賀市,石川県加賀市,3
宮城県,仙台市宮城野区,宮城県仙台市宮城野区,3
埼玉県,志木市,埼玉県志木市,3
茨城県,稲敷郡阿見町,茨城県稲敷郡阿見町,3
愛知県,岩倉市,愛知県岩倉市,3
福岡県,筑紫野市,福岡県筑紫野市,3
兵庫県,加古郡稲美町,兵庫県加古郡稲美町,3
群馬県,佐波郡玉村町,群馬県佐波郡玉村町,3
愛知県,海部郡大治町,愛知県海部郡大治町,3
熊本県,熊本市西区,熊本県熊本市西区,3
沖縄県,宜野湾市,沖縄県宜野湾市,3
宮城県,仙台市青葉区,宮城県仙台市青葉区,3
石川県,野々市市,石川県野々市市,3
石川県,白山市,石川県白山市,3
広島県,安芸郡海田町,広島県安芸郡海田町,3
愛知県,愛知郡東郷町,愛知県愛知郡東郷町,3
岐阜県,瑞穂市,岐阜県瑞穂市,3
福岡県,糸島市,福岡県糸島市,3
岐阜県,高山市,岐阜県高山市,3
神奈川県,逗子市,神奈川県逗子市,3
沖縄県,南城市,沖縄県南城市,3
埼玉県,飯能市,埼玉県飯能市,3
愛知県,北名古屋市,愛知県北名古屋市,3
愛知県,日進市,愛知県日進市,3
神奈川県,南足柄市,神奈川県南足柄市,3
愛知県,愛西市,愛知県愛西市,3
徳島県,吉野川市,徳島県吉野川市,3
神奈川県,中郡二宮町,神奈川県中郡二宮町,3
宮城県,仙台市泉区,宮城県仙台市泉区,3
北海道,旭川市,北海道旭川市,3
東京都,福生市,東京都福生市,3
愛知県,東海市,愛知県東海市,3
愛知県,知立市,愛知県知立市,3
千葉県,八街市,千葉県八街市,3
兵庫県,養父市,兵庫県養父市,3
青森県,,青森県,3
兵庫県,揖保郡太子町,兵庫県揖保郡太子町,3
奈良県,吉野郡下市町,奈良県吉野郡下市町,3
奈良県,吉野郡吉野町,奈良県吉野郡吉野町,3
京都府,与謝郡伊根町,京都府与謝郡伊根町,3
長崎県,対馬市,長崎県対馬市,2
鹿児島県,霧島市,鹿児島県霧島市,2
福井県,福井市,福井県福井市,2
佐賀県,唐津市,佐賀県唐津市,2
福岡県,小郡市,福岡県小郡市,2
岡山県,岡山市南区,岡山県岡山市南区,2
大阪府,南河内郡河南町,大阪府南河内郡河南町,2
福岡県,糟屋郡須惠町,福岡県糟屋郡須惠町,2
大阪府,泉南郡岬町,大阪府泉南郡岬町,2
熊本県,天草市,熊本県天草市,2
神奈川県,愛甲郡愛川町,神奈川県愛甲郡愛川町,2
岐阜県,中津川市,岐阜県中津川市,2
岐阜県,恵那市,岐阜県恵那市,2
愛知県,額田郡幸田町,愛知県額田郡幸田町,2
愛知県,知多郡東浦町,愛知県知多郡東浦町,2
愛知県,長久手市,愛知県長久手市,2
兵庫県,神崎郡市川町,兵庫県神崎郡市川町,2
茨城県,稲敷市,茨城県稲敷市,2
埼玉県,比企郡川島町,埼玉県比企郡川島町,2
茨城県,筑西市,茨城県筑西市,2
熊本県,合志市,熊本県合志市,2
北海道,札幌市南区,北海道札幌市南区,2
山梨県,笛吹市,山梨県笛吹市,2
東京都,清瀬市,東京都清瀬市,2
長崎県,佐世保市,長崎県佐世保市,2
奈良県,宇陀市,奈良県宇陀市,2
兵庫県,たつの市,兵庫県たつの市,2
熊本県,水俣市,熊本県水俣市,2
徳島県,板野郡藍住町,徳島県板野郡藍住町,2
徳島県,徳島市,徳島県徳島市,2
宮城県,名取市,宮城県名取市,2
福岡県,北九州市八幡東区,福岡県北九州市八幡東区,2
兵庫県,加西市,兵庫県加西市,2
北海道,札幌市豊平区,北海道札幌市豊平区,2
千葉県,山武市,千葉県山武市,2
福岡県,直方市,福岡県直方市,2
愛知県,丹羽郡扶桑町,愛知県丹羽郡扶桑町,2
愛知県,海部郡蟹江町,愛知県海部郡蟹江町,2
静岡県,浜松市東区,静岡県浜松市東区,2
静岡県,浜松市西区,静岡県浜松市西区,2
静岡県,浜松市浜名区,静岡県浜松市浜名区,2
岡山県,瀬戸内市,岡山県瀬戸内市,2
埼玉県,秩父郡長瀞町,埼玉県秩父郡長瀞町,2
栃木県,真岡市,栃木県真岡市,2
東京都,羽村市,東京都羽村市,2
群馬県,藤岡市,群馬県藤岡市,2
栃木県,佐野市,栃木県佐野市,2
茨城県,桜川市,茨城県桜川市,2
神奈川県,三浦郡葉山町,神奈川県三浦郡葉山町,2
山形県,,山形県,2
鳥取県,,鳥取県,2
栃木県,鹿沼市,栃木県鹿沼市,2
福岡県,北九州市小倉北区,福岡県北九州市小倉北区,2
岐阜県,土岐市,岐阜県土岐市,2
愛知県,知多郡阿久比町,愛知県知多郡阿久比町,2
千葉県,東金市,千葉県東金市,2
千葉県,大網白里市,千葉県大網白里市,2
千葉県,白井市,千葉県白井市,2
山口県,下関市,山口県下関市,2
山口県,岩国市,山口県岩国市,2
広島県,安芸郡府中町,広島県安芸郡府中町,2
神奈川県,足柄下郡箱根町,神奈川県足柄下郡箱根町,2
長野県,小諸市,長野県小諸市,2
鹿児島県,日置市,鹿児島県日置市,2
東京都,西多摩郡檜原村,東京都西多摩郡檜原村,2
北海道,札幌市手稲区,北海道札幌市手稲区,2
石川県,河北郡内灘町,石川県河北郡内灘町,2
石川県,七尾市,石川県七尾市,2
長野県,佐久市,長野県佐久市,2
山口県,,山口県,2
高知県,,高知県,2
佐賀県,,佐賀県,2
長崎県,,長崎県,2
静岡県,裾野市,静岡県裾野市,2
岐阜県,加茂郡八百津町,岐阜県加茂郡八百津町,2
福岡県,太宰府市,福岡県太宰府市,2
埼玉県,児玉郡神川町,埼玉県児玉郡神川町,2
静岡県,伊東市,静岡県伊東市,2
茨城県,稲敷郡美浦村,茨城県稲敷郡美浦村,2
青森県,八戸市,青森県八戸市,2
岐阜県,海津市,岐阜県海津市,2
愛知県,高浜市,愛知県高浜市,2
静岡県,浜松市中央区,静岡県浜松市中央区,2
愛知県,みよし市,愛知県みよし市,2
岐阜県,羽島市,岐阜県羽島市,2
新潟県,新潟市中央区,新潟県新潟市中央区,2
沖縄県,名護市,沖縄県名護市,2
北海道,札幌市北区,北海道札幌市北区,2
栃木県,大田原市,栃木県大田原市,2
奈良県,磯城郡川西町,奈良県磯城郡川西町,2
宮城県,仙台市太白区,宮城県仙台市太白区,2
岩手県,盛岡市,岩手県盛岡市,2
静岡県,沼津市,静岡県沼津市,2
大分県,,大分県,2
宮崎県,,宮崎県,2
群馬県,渋川市,群馬県渋川市,2
埼玉県,児玉郡上里町,埼玉県児玉郡上里町,2
岐阜県,安八郡神戸町,岐阜県安八郡神戸町,2
石川県,かほく市,石川県かほく市,2
石川県,河北郡津幡町,石川県河北郡津幡町,2
大阪府,南河内郡太子町,大阪府南河内郡太子町,2
奈良県,吉野郡下北山村,奈良県吉野郡下北山村,2
三重県,いなべ市,三重県いなべ市,2
沖縄県,石垣市,沖縄県石垣市,2
滋賀県,愛知郡愛荘町,滋賀県愛知郡愛荘町,2
広島県,広島市安芸区,広島県広島市安芸区,2
山梨県,甲斐市,山梨県甲斐市,2
大分県,日田市,大分県日田市,2
大分県,中津市,大分県中津市,2
香川県,丸亀市,香川県丸亀市,2
香川県,小豆郡小豆島町,香川県小豆郡小豆島町,2
香川県,木田郡三木町,香川県木田郡三木町,2
石川県,能美市,石川県能美市,2
石川県,小松市,石川県小松市,2
静岡県,掛川市,静岡県掛川市,2
茨城県,那珂市,茨城県那珂市,2
茨城県,常総市,茨城県常総市,2
福井県,敦賀市,福井県敦賀市,2
福岡県,糟屋郡宇美町,福岡県糟屋郡宇美町,2
茨城県,鹿嶋市,茨城県鹿嶋市,2
大阪府,泉北郡忠岡町,大阪府泉北郡忠岡町,2
鹿児島県,姶良市,鹿児島県姶良市,2
栃木県,那須塩原市,栃木県那須塩原市,2
茨城県,北相馬郡利根町,茨城県北相馬郡利根町,2
茨城県,結城郡八千代町,茨城県結城郡八千代町,2
茨城県,古河市,茨城県古河市,2
福岡県,糟屋郡志免町,福岡県糟屋郡志免町,2
兵庫県,洲本市,兵庫県洲本市,2
新潟県,,新潟県,2
千葉県,富里市,千葉県富里市,2
福岡県,柳川市,福岡県柳川市,2
和歌山県,海南市,和歌山県海南市,2
埼玉県,秩父市,埼玉県秩父市,2
栃木県,日光市,栃木県日光市,2
福岡県,中間市,福岡県中間市,2
福岡県,鞍手郡鞍手町,福岡県鞍手郡鞍手町,2
福島県,須賀川市,福島県須賀川市,2
山形県,米沢市,山形県米沢市,2
山口県,山陽小野田市,山口県山陽小野田市,2
愛媛県,伊予市,愛媛県伊予市,2
岩手県,一関市,岩手県一関市,2
東京都,西多摩郡日の出町,東京都西多摩郡日の出町,2
和歌山県,紀の川市,和歌山県紀の川市,2
兵庫県,神崎郡神河町,兵庫県神崎郡神河町,2
奈良県,高市郡明日香村,奈良県高市郡明日香村,1
三重県,多気郡多気町,三重県多気郡多気町,1
三重県,鳥羽市,三重県鳥羽市,1
三重県,北牟婁郡紀北町,三重県北牟婁郡紀北町,1
長野県,塩尻市,長野県塩尻市,1
北海道,札幌市白石区,北海道札幌市白石区,1
奈良県,宇陀郡御杖村,奈良県宇陀郡御杖村,1
山形県,鶴岡市,山形県鶴岡市,1
三重県,員弁郡東員町,三重県員弁郡東員町,1
高知県,香南市,高知県香南市,1
福島県,西白河郡矢吹町,福島県西白河郡矢吹町,1
東京都,武蔵村山市,東京都武蔵村山市,1
岩手県,花巻市,岩手県花巻市,1
宮崎県,児湯郡木城町,宮崎県児湯郡木城町,1
兵庫県,赤穂市,兵庫県赤穂市,1
岡山県,笠岡市,岡山県笠岡市,1
山形県,寒河江市,山形県寒河江市,1
千葉県,君津市,千葉県君津市,1
茨城県,高萩市,茨城県高萩市,1
静岡県,御前崎市,静岡県御前崎市,1
茨城県,つくばみらい市,茨城県つくばみらい市,1
福島県,会津若松市,福島県会津若松市,1
熊本県,葦北郡津奈木町,熊本県葦北郡津奈木町,1
鹿児島県,出水市,鹿児島県出水市,1
岐阜県,下呂市,岐阜県下呂市,1
広島県,竹原市,広島県竹原市,1
愛知県,丹羽郡大口町,愛知県丹羽郡大口町,1
静岡県,御殿場市,静岡県御殿場市,1
岐阜県,美濃市,岐阜県美濃市,1
佐賀県,神埼市,佐賀県神埼市,1
徳島県,阿南市,徳島県阿南市,1
埼玉県,坂戸市,埼玉県坂戸市,1
埼玉県,行田市,埼玉県行田市,1
埼玉県,比企郡小川町,埼玉県比企郡小川町,1
静岡県,浜松市浜北区,静岡県浜松市浜北区,1
兵庫県,相生市,兵庫県相生市,1
兵庫県,宍粟市,兵庫県宍粟市,1
山梨県,南都留郡富士河口湖町,山梨県南都留郡富士河口湖町,1
宮城県,塩竈市,宮城県塩竈市,1
愛知県,新城市,愛知県新城市,1
鹿児島県,肝属郡錦江町,鹿児島県肝属郡錦江町,1
宮崎県,都城市,宮崎県都城市,1
青森県,三沢市,青森県三沢市,1
広島県,三次市,広島県三次市,1
群馬県,みどり市,群馬県みどり市,1
広島県,安芸高田市,広島県安芸高田市,1
広島県,東広島市,広島県東広島市,1
宮城県,加美郡加美町,宮城県加美郡加美町,1
鹿児島県,南九州市,鹿児島県南九州市,1
奈良県,高市郡高取町,奈良県高市郡高取町,1
佐賀県,三養基郡基山町,佐賀県三養基郡基山町,1
和歌山県,西牟婁郡白浜町,和歌山県西牟婁郡白浜町,1
山梨県,都留市,山梨県都留市,1
長野県,大町市,長野県大町市,1
富山県,富山市,富山県富山市,1
茨城県,石岡市,茨城県石岡市,1
新潟県,新潟市北区,新潟県新潟市北区,1
茨城県,常陸太田市,茨城県常陸太田市,1
福岡県,豊前市,福岡県豊前市,1
北海道,釧路市,北海道釧路市,1
広島県,三原市,広島県三原市,1
千葉県,印旛郡酒々井町,千葉県印旛郡酒々井町,1
和歌山県,伊都郡かつらぎ町,和歌山県伊都郡かつらぎ町,1
宮城県,宮城郡七ヶ浜町,宮城県宮城郡七ヶ浜町,1
千葉県,山武郡横芝光町,千葉県山武郡横芝光町,1
群馬県,邑楽郡邑楽町,群馬県邑楽郡邑楽町,1
山梨県,南巨摩郡身延町,山梨県南巨摩郡身延町,1
静岡県,熱海市,静岡県熱海市,1
福井県,三方郡美浜町,福井県三方郡美浜町,1
新潟県,新発田市,新潟県新発田市,1
静岡県,浜松市北区,静岡県浜松市北区,1
群馬県,富岡市,群馬県富岡市,1
茨城県,龍ケ崎市,茨城県龍ケ崎市,1
茨城県,常陸大宮市,茨城県常陸大宮市,1
岩手県,久慈市,岩手県久慈市,1
千葉県,銚子市,千葉県銚子市,1
群馬県,北群馬郡榛東村,群馬県北群馬郡榛東村,1
新潟県,佐渡市,新潟県佐渡市,1
新潟県,三条市,新潟県三条市,1
群馬県,沼田市,群馬県沼田市,1
群馬県,北群馬郡吉岡町,群馬県北群馬郡吉岡町,1
千葉県,山武郡九十九里町,千葉県山武郡九十九里町,1
青森県,黒石市,青森県黒石市,1
青森県,青森市,青森県青森市,1
新潟県,南魚沼市,新潟県南魚沼市,1
栃木県,那須烏山市,栃木県那須烏山市,1
静岡県,焼津市,静岡県焼津市,1
静岡県,袋井市,静岡県袋井市,1
埼玉県,大里郡寄居町,埼玉県大里郡寄居町,1
愛知県,碧南市,愛知県碧南市,1
徳島県,,徳島県,1
福岡県,筑紫郡那珂川町,福岡県筑紫郡那珂川町,1
佐賀県,嬉野市,佐賀県嬉野市,1
佐賀県,鹿島市,佐賀県鹿島市,1
佐賀県,小城市,佐賀県小城市,1
福岡県,糟屋郡新宮町,福岡県糟屋郡新宮町,1
静岡県,三島市,静岡県三島市,1
宮崎県,北諸県郡三股町,宮崎県北諸県郡三股町,1
山口県,萩市,山口県萩市,1
秋田県,雄勝郡羽後町,秋田県雄勝郡羽後町,1
秋田県,大館市,秋田県大館市,1
山形県,西村山郡大江町,山形県西村山郡大江町,1
東京都,稲城市,東京都稲城市,1
宮城県,多賀城市,宮城県多賀城市,1
福岡県,遠賀郡岡垣町,福岡県遠賀郡岡垣町,1
愛知県,蒲郡市,愛知県蒲郡市,1
福岡県,朝倉郡筑前町,福岡県朝倉郡筑前町,1
沖縄県,中頭郡北谷町,沖縄県中頭郡北谷町,1
沖縄県,国頭郡宜野座村,沖縄県国頭郡宜野座村,1
福島県,伊達市,福島県伊達市,1
秋田県,能代市,秋田県能代市,1
広島県,大竹市,広島県大竹市,1
広島県,安芸郡坂町,広島県安芸郡坂町,1
埼玉県,比企郡嵐山町,埼玉県比企郡嵐山町,1
静岡県,藤枝市,静岡県藤枝市,1
静岡県,賀茂郡南伊豆町,静岡県賀茂郡南伊豆町,1
山口県,防府市,山口県防府市,1
福岡県,遠賀郡遠賀町,福岡県遠賀郡遠賀町,1
山口県,大島郡周防大島町,山口県大島郡周防大島町,1
岩手県,北上市,岩手県北上市,1
岐阜県,揖斐郡池田町,岐阜県揖斐郡池田町,1
北海道,苫小牧市,北海道苫小牧市,1
茨城県,坂東市,茨城県坂東市,1
福岡県,北九州市若松区,福岡県北九州市若松区,1
富山県,砺波市,富山県砺波市,1
富山県,射水市,富山県射水市,1
神奈川県,中郡大磯町,神奈川県中郡大磯町,1
佐賀県,佐賀市,佐賀県佐賀市,1
宮城県,宮城郡利府町,宮城県宮城郡利府町,1
静岡県,島田市,静岡県島田市,1
山口県,周南市,山口県周南市,1
山口県,光市,山口県光市,1
大分県,速見郡日出町,大分県速見郡日出町,1
大分県,別府市,大分県別府市,1
栃木県,矢板市,栃木県矢板市,1
茨城県,那珂郡東海村,茨城県那珂郡東海村,1
静岡県,田方郡函南町,静岡県田方郡函南町,1
静岡県,伊豆の国市,静岡県伊豆の国市,1
長野県,千曲市,長野県千曲市,1
岡山県,備前市,岡山県備前市,1
新潟県,村上市,新潟県村上市,1
新潟県,妙高市,新潟県妙高市,1
福島県,いわき市,福島県いわき市,1
愛知県,弥富市,愛知県弥富市,1
岐阜県,可児郡御嵩町,岐阜県可児郡御嵩町,1
岐阜県,加茂郡白川町,岐阜県加茂郡白川町,1
岐阜県,本巣市,岐阜県本巣市,1
岐阜県,加茂郡坂祝町,岐阜県加茂郡坂祝町,1
岡山県,岡山市中区,岡山県岡山市中区,1
沖縄県,宮古島市,沖縄県宮古島市,1
佐賀県,多久市,佐賀県多久市,1
沖縄県,浦添市,沖縄県浦添市,1
北海道,二海郡八雲町,北海道二海郡八雲町,1
山口県,下松市,山口県下松市,1
岡山県,高梁市,岡山県高梁市,1
北海道,虻田郡倶知安町,北海道虻田郡倶知安町,1
秋田県,大仙市,秋田県大仙市,1
神奈川県,三浦市,神奈川県三浦市,1
茨城県,行方市,茨城県行方市,1
北海道,河東郡音更町,北海道河東郡音更町,1
山形県,上山市,山形県上山市,1
千葉県,長生郡一宮町,千葉県長生郡一宮町,1
秋田県,秋田市,秋田県秋田市,1
長野県,飯田市,長野県飯田市,1
佐賀県,武雄市,佐賀県武雄市,1
沖縄県,国頭郡本部町,沖縄県国頭郡本部町,1
北海道,千歳市,北海道千歳市,1
新潟県,新潟市秋葉区,新潟県新潟市秋葉区,1
新潟県,五泉市,新潟県五泉市,1
宮城県,石巻市,宮城県石巻市,1
愛媛県,新居浜市,愛媛県新居浜市,1
富山県,高岡市,富山県高岡市,1
静岡県,賀茂郡西伊豆町,静岡県賀茂郡西伊豆町,1
福岡県,北九州市小倉南区,福岡県北九州市小倉南区,1
熊本県,菊池郡菊陽町,熊本県菊池郡菊陽町,1
愛知県,知多郡武豊町,愛知県知多郡武豊町,1
宮崎県,延岡市,宮崎県延岡市,1
山梨県,中央市,山梨県中央市,1
山梨県,南アルプス市,山梨県南アルプス市,1
佐賀県,西松浦郡有田町,佐賀県西松浦郡有田町,1
熊本県,菊池市,熊本県菊池市,1
福岡県,大牟田市,福岡県大牟田市,1
福岡県,筑後市,福岡県筑後市,1
岡山県,浅口郡里庄町,岡山県浅口郡里庄町,1
山梨県,甲州市,山梨県甲州市,1
山梨県,山梨市,山梨県山梨市,1
青森県,上北郡東北町,青森県上北郡東北町,1
山梨県,北杜市,山梨県北杜市,1
北海道,札幌市厚別区,北海道札幌市厚別区,1
北海道,札幌市清田区,北海道札幌市清田区,1
福井県,鯖江市,福井県鯖江市,1
岡山県,岡山市東区,岡山県岡山市東区,1
佐賀県,神埼郡吉野ヶ里町,佐賀県神埼郡吉野ヶ里町,1
岡山県,小田郡矢掛町,岡山県小田郡矢掛町,1
長野県,諏訪市,長野県諏訪市,1
兵庫県,南あわじ市,兵庫県南あわじ市,1
静岡県,賀茂郡東伊豆町,静岡県賀茂郡東伊豆町,1
大阪府,阪南市,大阪府阪南市,1
和歌山県,田辺市,和歌山県田辺市,1
神奈川県,高座郡寒川町,神奈川県高座郡寒川町,1
静岡県,湖西市,静岡県湖西市,1
岡山県,井原市,岡山県井原市,1
福岡県,築上郡築上町,福岡県築上郡築上町,1
神奈川県,足柄下郡湯河原町,神奈川県足柄下郡湯河原町,1
千葉県,旭市,千葉県旭市,1
埼玉県,北足立郡伊奈町,埼玉県北足立郡伊奈町,1
福岡県,うきは市,福岡県うきは市,1
千葉県,富津市,千葉県富津市,1
岡山県,浅口市,岡山県浅口市,1
茨城県,潮来市,茨城県潮来市,1
茨城県,笠間市,茨城県笠間市,1
和歌山県,東牟婁郡串本町,和歌山県東牟婁郡串本町,1
北海道,野付郡別海町,北海道野付郡別海町,1
宮崎県,日南市,宮崎県日南市,1
長野県,北佐久郡軽井沢町,長野県北佐久郡軽井沢町,1
富山県,黒部市,富山県黒部市,1
愛媛県,四国中央市,愛媛県四国中央市,1
愛媛県,西条市,愛媛県西条市,1
新潟県,長岡市,新潟県長岡市,1
岐阜県,羽島郡笠松町,岐阜県羽島郡笠松町,1
鹿児島県,鹿屋市,鹿児島県鹿屋市,1
福岡県,飯塚市,福岡県飯塚市,1
埼玉県,幸手市,埼玉県幸手市,1
沖縄県,島尻郡伊是名村,沖縄県島尻郡伊是名村,1
三重県,多気郡明和町,三重県多気郡明和町,1
三重県,度会郡大紀町,三重県度会郡大紀町,1
山梨県,上野原市,山梨県上野原市,1
東京都,神津島村,東京都神津島村,1
三重県,度会郡度会町,三重県度会郡度会町,1
鹿児島県,奄美市,鹿児島県奄美市,1
香川県,仲多度郡多度津町,香川県仲多度郡多度津町,1
高知県,香美市,高知県香美市,1
山口県,熊毛郡田布施町,山口県熊毛郡田布施町,1
新潟県,上越市,新潟県上越市,1
鹿児島県,指宿市,鹿児島県指宿市,1
長崎県,島原市,長崎県島原市,1
長崎県,南島原市,長崎県南島原市,1
山口県,熊毛郡平生町,山口県熊毛郡平生町,1
三重県,伊勢市,三重県伊勢市,1
三重県,度会郡玉城町,三重県度会郡玉城町,1
福井県,大野市,福井県大野市,1
福井県,勝山市,福井県勝山市,1
鹿児島県,いちき串木野市,鹿児島県いちき串木野市,1
長崎県,大村市,長崎県大村市,1
長崎県,松浦市,長崎県松浦市,1
埼玉県,北葛飾郡杉戸町,埼玉県北葛飾郡杉戸町,1
富山県,南砺市,富山県南砺市,1
秋田県,仙北郡美郷町,秋田県仙北郡美郷町,1
