prefecture,municipality,location_key,applicant_count
東京都,世田谷区,東京都世田谷区,1281
東京都,練馬区,東京都練馬区,1259
東京都,足立区,東京都足立区,1147
東京都,江戸川区,東京都江戸川区,1087
東京都,町田市,東京都町田市,1065
東京都,板橋区,東京都板橋区,1028
東京都,大田区,東京都大田区,962
東京都,杉並区,東京都杉並区,916
東京都,新宿区,東京都新宿区,905
東京都,八王子市,東京都八王子市,885
東京都,江東区,東京都江東区,859
東京都,葛飾区,東京都葛飾区,858
東京都,豊島区,東京都豊島区,832
東京都,港区,東京都港区,747
東京都,品川区,東京都品川区,720
東京都,渋谷区,東京都渋谷区,699
東京都,文京区,東京都文京区,671
東京都,,東京都,658
東京都,目黒区,東京都目黒区,646
東京都,中野区,東京都中野区,640
東京都,中央区,東京都中央区,605
東京都,立川市,東京都立川市,588
東京都,府中市,東京都府中市,572
東京都,北区,東京都北区,565
東京都,台東区,東京都台東区,559
東京都,調布市,東京都調布市,557
東京都,千代田区,東京都千代田区,553
東京都,墨田区,東京都墨田区,497
東京都,西東京市,東京都西東京市,472
東京都,三鷹市,東京都三鷹市,465
東京都,多摩市,東京都多摩市,377
東京都,小平市,東京都小平市,358
東京都,荒川区,東京都荒川区,352
千葉県,市川市,千葉県市川市,338
東京都,日野市,東京都日野市,326
東京都,武蔵野市,東京都武蔵野市,322
東京都,東村山市,東京都東村山市,272
東京都,国分寺市,東京都国分寺市,271
埼玉県,川口市,埼玉県川口市,267
東京都,昭島市,東京都昭島市,264
神奈川県,横浜市青葉区,神奈川県横浜市青葉区,258
神奈川県,川崎市多摩区,神奈川県川崎市多摩区,256
東京都,東久留米市,東京都東久留米市,255
千葉県,船橋市,千葉県船橋市,247
神奈川県,相模原市中央区,神奈川県相模原市中央区,244
神奈川県,相模原市南区,神奈川県相模原市南区,243
東京都,小金井市,東京都小金井市,235
神奈川県,横浜市港北区,神奈川県横浜市港北区,234
東京都,清瀬市,東京都清瀬市,215
神奈川県,川崎市中原区,神奈川県川崎市中原区,214
埼玉県,草加市,埼玉県草加市,212
千葉県,松戸市,千葉県松戸市,211
神奈川県,川崎市麻生区,神奈川県川崎市麻生区,210
東京都,稲城市,東京都稲城市,209
東京都,福生市,東京都福生市,199
埼玉県,所沢市,埼玉県所沢市,194
神奈川県,,神奈川県,193
東京都,国立市,東京都国立市,192
神奈川県,川崎市高津区,神奈川県川崎市高津区,191
東京都,青梅市,東京都青梅市,186
神奈川県,横浜市緑区,神奈川県横浜市緑区,180
埼玉県,新座市,埼玉県新座市,180
神奈川県,大和市,神奈川県大和市,174
神奈川県,川崎市宮前区,神奈川県川崎市宮前区,172
東京都,羽村市,東京都羽村市,171
神奈川県,相模原市緑区,神奈川県相模原市緑区,162
神奈川県,川崎市川崎区,神奈川県川崎市川崎区,155
神奈川県,横浜市都筑区,神奈川県横浜市都筑区,150
東京都,狛江市,東京都狛江市,150
埼玉県,朝霞市,埼玉県朝霞市,149
東京都,東大和市,東京都東大和市,146
埼玉県,越谷市,埼玉県越谷市,142
東京都,あきる野市,東京都あきる野市,141
神奈川県,横浜市神奈川区,神奈川県横浜市神奈川区,139
千葉県,柏市,千葉県柏市,137
埼玉県,さいたま市南区,埼玉県さいたま市南区,136
神奈川県,横浜市鶴見区,神奈川県横浜市鶴見区,134
東京都,武蔵村山市,東京都武蔵村山市,132
埼玉県,さいたま市浦和区,埼玉県さいたま市浦和区,131
千葉県,流山市,千葉県流山市,119
埼玉県,,埼玉県,118
神奈川県,横浜市西区,神奈川県横浜市西区,115
千葉県,浦安市,千葉県浦安市,114
埼玉県,八潮市,埼玉県八潮市,109
神奈川県,川崎市幸区,神奈川県川崎市幸区,104
埼玉県,三郷市,埼玉県三郷市,104
神奈川県,横浜市旭区,神奈川県横浜市旭区,104
埼玉県,和光市,埼玉県和光市,103
東京都,西多摩郡瑞穂町,東京都西多摩郡瑞穂町,103
神奈川県,藤沢市,神奈川県藤沢市,97
埼玉県,戸田市,埼玉県戸田市,97
埼玉県,さいたま市大宮区,埼玉県さいたま市大宮区,96
神奈川県,横浜市戸塚区,神奈川県横浜市戸塚区,95
神奈川県,横浜市中区,神奈川県横浜市中区,95
千葉県,,千葉県,93
神奈川県,海老名市,神奈川県海老名市,90
埼玉県,川越市,埼玉県川越市,90
神奈川県,座間市,神奈川県座間市,87
千葉県,習志野市,千葉県習志野市,81
埼玉県,狭山市,埼玉県狭山市,79
埼玉県,さいたま市緑区,埼玉県さいたま市緑区,78
千葉県,千葉市中央区,千葉県千葉市中央区,78
埼玉県,蕨市,埼玉県蕨市,75
神奈川県,横浜市保土ケ谷区,神奈川県横浜市保土ケ谷区,73
埼玉県,入間市,埼玉県入間市,72
埼玉県,さいたま市中央区,埼玉県さいたま市中央区,72
神奈川県,横浜市南区,神奈川県横浜市南区,72
埼玉県,さいたま市北区,埼玉県さいたま市北区,71
埼玉県,志木市,埼玉県志木市,70
神奈川県,横浜市瀬谷区,神奈川県横浜市瀬谷区,68
東京都,西多摩郡日の出町,東京都西多摩郡日の出町,64
神奈川県,厚木市,神奈川県厚木市,62
神奈川県,横浜市港南区,神奈川県横浜市港南区,61
千葉県,鎌ケ谷市,千葉県鎌ケ谷市,60
千葉県,八千代市,千葉県八千代市,60
埼玉県,さいたま市見沼区,埼玉県さいたま市見沼区,58
埼玉県,春日部市,埼玉県春日部市,57
神奈川県,横浜市泉区,神奈川県横浜市泉区,55
埼玉県,さいたま市桜区,埼玉県さいたま市桜区,55
神奈川県,鎌倉市,神奈川県鎌倉市,54
千葉県,千葉市美浜区,千葉県千葉市美浜区,53
埼玉県,富士見市,埼玉県富士見市,52
千葉県,千葉市花見川区,千葉県千葉市花見川区,49
埼玉県,飯能市,埼玉県飯能市,49
埼玉県,さいたま市西区,埼玉県さいたま市西区,48
神奈川県,平塚市,神奈川県平塚市,47
千葉県,千葉市稲毛区,千葉県千葉市稲毛区,43
埼玉県,さいたま市岩槻区,埼玉県さいたま市岩槻区,42
埼玉県,ふじみ野市,埼玉県ふじみ野市,41
神奈川県,横浜市金沢区,神奈川県横浜市金沢区,39
埼玉県,吉川市,埼玉県吉川市,36
神奈川県,茅ヶ崎市,神奈川県茅ヶ崎市,36
埼玉県,入間郡三芳町,埼玉県入間郡三芳町,35
千葉県,千葉市緑区,千葉県千葉市緑区,33
神奈川県,横浜市磯子区,神奈川県横浜市磯子区,33
千葉県,我孫子市,千葉県我孫子市,32
神奈川県,綾瀬市,神奈川県綾瀬市,32
千葉県,千葉市若葉区,千葉県千葉市若葉区,31
神奈川県,横須賀市,神奈川県横須賀市,28
埼玉県,上尾市,埼玉県上尾市,27
埼玉県,久喜市,埼玉県久喜市,26
神奈川県,小田原市,神奈川県小田原市,26
千葉県,白井市,千葉県白井市,26
千葉県,野田市,千葉県野田市,25
千葉県,市原市,千葉県市原市,25
埼玉県,坂戸市,埼玉県坂戸市,24
神奈川県,横浜市栄区,神奈川県横浜市栄区,24
茨城県,つくば市,茨城県つくば市,24
神奈川県,伊勢原市,神奈川県伊勢原市,23
千葉県,印西市,千葉県印西市,23
神奈川県,愛甲郡愛川町,神奈川県愛甲郡愛川町,22
神奈川県,秦野市,神奈川県秦野市,22
千葉県,佐倉市,千葉県佐倉市,22
千葉県,四街道市,千葉県四街道市,22
埼玉県,蓮田市,埼玉県蓮田市,21
埼玉県,熊谷市,埼玉県熊谷市,21
大阪府,東大阪市,大阪府東大阪市,19
千葉県,成田市,千葉県成田市,19
愛知県,名古屋市名東区,愛知県名古屋市名東区,18
埼玉県,深谷市,埼玉県深谷市,18
群馬県,高崎市,群馬県高崎市,18
愛知県,名古屋市中区,愛知県名古屋市中区,17
愛知県,名古屋市守山区,愛知県名古屋市守山区,17
大阪府,大阪市中央区,大阪府大阪市中央区,17
静岡県,沼津市,静岡県沼津市,17
愛知県,名古屋市中村区,愛知県名古屋市中村区,16
愛知県,名古屋市北区,愛知県名古屋市北区,15
大阪府,吹田市,大阪府吹田市,15
栃木県,宇都宮市,栃木県宇都宮市,15
大阪府,大阪市北区,大阪府大阪市北区,15
埼玉県,日高市,埼玉県日高市,15
兵庫県,尼崎市,兵庫県尼崎市,15
愛知県,名古屋市天白区,愛知県名古屋市天白区,15
埼玉県,鶴ヶ島市,埼玉県鶴ヶ島市,15
埼玉県,桶川市,埼玉県桶川市,15
茨城県,取手市,茨城県取手市,14
千葉県,袖ケ浦市,千葉県袖ケ浦市,14
埼玉県,鴻巣市,埼玉県鴻巣市,14
茨城県,土浦市,茨城県土浦市,14
大阪府,堺市北区,大阪府堺市北区,14
埼玉県,加須市,埼玉県加須市,14
大阪府,大阪市生野区,大阪府大阪市生野区,13
大阪府,,大阪府,13
群馬県,前橋市,群馬県前橋市,13
大阪府,堺市堺区,大阪府堺市堺区,13
愛知県,名古屋市緑区,愛知県名古屋市緑区,13
神奈川県,逗子市,神奈川県逗子市,13
茨城県,守谷市,茨城県守谷市,13
埼玉県,羽生市,埼玉県羽生市,13
大阪府,大阪市東住吉区,大阪府大阪市東住吉区,12
埼玉県,東松山市,埼玉県東松山市,12
愛知県,名古屋市千種区,愛知県名古屋市千種区,12
東京都,西多摩郡奥多摩町,東京都西多摩郡奥多摩町,12
愛知県,春日井市,愛知県春日井市,12
大阪府,堺市中区,大阪府堺市中区,12
北海道,札幌市中央区,北海道札幌市中央区,12
大阪府,豊中市,大阪府豊中市,11
大阪府,大阪市西成区,大阪府大阪市西成区,11
静岡県,浜松市中区,静岡県浜松市中区,11
山梨県,甲府市,山梨県甲府市,11
千葉県,茂原市,千葉県茂原市,11
愛知県,長久手市,愛知県長久手市,11
京都府,京都市下京区,京都府京都市下京区,11
大阪府,大阪市阿倍野区,大阪府大阪市阿倍野区,11
大阪府,羽曳野市,大阪府羽曳野市,11
大阪府,大阪市天王寺区,大阪府大阪市天王寺区,11
静岡県,静岡市駿河区,静岡県静岡市駿河区,11
大阪府,大阪市平野区,大阪府大阪市平野区,11
大阪府,大阪市浪速区,大阪府大阪市浪速区,11
大阪府,大阪市住吉区,大阪府大阪市住吉区,10
大阪府,大阪市東淀川区,大阪府大阪市東淀川区,10
埼玉県,北本市,埼玉県北本市,10
大阪府,大東市,大阪府大東市,10
茨城県,古河市,茨城県古河市,10
愛知県,岡崎市,愛知県岡崎市,10
宮城県,仙台市若林区,宮城県仙台市若林区,10
埼玉県,白岡市,埼玉県白岡市,10
群馬県,太田市,群馬県太田市,10
兵庫県,西宮市,兵庫県西宮市,10
愛知県,小牧市,愛知県小牧市,10
山梨県,上野原市,山梨県上野原市,9
福岡県,福岡市博多区,福岡県福岡市博多区,9
大阪府,大阪市住之江区,大阪府大阪市住之江区,9
愛知県,名古屋市熱田区,愛知県名古屋市熱田区,9
愛知県,一宮市,愛知県一宮市,9
東京都,西多摩郡檜原村,東京都西多摩郡檜原村,9
兵庫県,神戸市東灘区,兵庫県神戸市東灘区,9
山梨県,笛吹市,山梨県笛吹市,9
大阪府,大阪市大正区,大阪府大阪市大正区,9
千葉県,木更津市,千葉県木更津市,9
栃木県,小山市,栃木県小山市,9
大阪府,大阪市城東区,大阪府大阪市城東区,9
愛知県,名古屋市東区,愛知県名古屋市東区,9
千葉県,八街市,千葉県八街市,9
宮城県,仙台市太白区,宮城県仙台市太白区,9
神奈川県,足柄上郡開成町,神奈川県足柄上郡開成町,9
茨城県,牛久市,茨城県牛久市,9
千葉県,香取市,千葉県香取市,8
愛知県,名古屋市中川区,愛知県名古屋市中川区,8
奈良県,奈良市,奈良県奈良市,8
愛知県,豊田市,愛知県豊田市,8
宮城県,仙台市宮城野区,宮城県仙台市宮城野区,8
宮城県,仙台市青葉区,宮城県仙台市青葉区,8
神奈川県,三浦市,神奈川県三浦市,8
愛知県,安城市,愛知県安城市,8
静岡県,富士市,静岡県富士市,8
大阪府,大阪市淀川区,大阪府大阪市淀川区,8
福島県,いわき市,福島県いわき市,8
栃木県,,栃木県,8
埼玉県,入間郡毛呂山町,埼玉県入間郡毛呂山町,8
茨城県,小美玉市,茨城県小美玉市,8
兵庫県,神戸市中央区,兵庫県神戸市中央区,8
栃木県,足利市,栃木県足利市,8
京都府,京都市右京区,京都府京都市右京区,8
愛知県,日進市,愛知県日進市,8
京都府,京都市伏見区,京都府京都市伏見区,8
沖縄県,那覇市,沖縄県那覇市,8
三重県,四日市市,三重県四日市市,8
愛知県,西尾市,愛知県西尾市,8
埼玉県,北葛飾郡松伏町,埼玉県北葛飾郡松伏町,8
大阪府,堺市西区,大阪府堺市西区,8
福岡県,福岡市中央区,福岡県福岡市中央区,8
茨城県,,茨城県,8
愛知県,刈谷市,愛知県刈谷市,8
静岡県,静岡市葵区,静岡県静岡市葵区,8
大阪府,大阪市此花区,大阪府大阪市此花区,7
神奈川県,三浦郡葉山町,神奈川県三浦郡葉山町,7
大阪府,茨木市,大阪府茨木市,7
大阪府,岸和田市,大阪府岸和田市,7
新潟県,新潟市中央区,新潟県新潟市中央区,7
大阪府,大阪市東成区,大阪府大阪市東成区,7
京都府,京都市山科区,京都府京都市山科区,7
兵庫県,宝塚市,兵庫県宝塚市,7
山梨県,甲斐市,山梨県甲斐市,7
滋賀県,大津市,滋賀県大津市,7
大阪府,大阪市西淀川区,大阪府大阪市西淀川区,7
岐阜県,岐阜市,岐阜県岐阜市,7
栃木県,下都賀郡野木町,栃木県下都賀郡野木町,7
岐阜県,各務原市,岐阜県各務原市,7
埼玉県,北葛飾郡杉戸町,埼玉県北葛飾郡杉戸町,7
大阪府,大阪市西区,大阪府大阪市西区,7
東京都,大島町,東京都大島町,7
静岡県,富士宮市,静岡県富士宮市,7
茨城県,筑西市,茨城県筑西市,7
大阪府,和泉市,大阪府和泉市,7
茨城県,龍ケ崎市,茨城県龍ケ崎市,7
愛知県,名古屋市昭和区,愛知県名古屋市昭和区,7
埼玉県,行田市,埼玉県行田市,7
静岡県,藤枝市,静岡県藤枝市,7
神奈川県,高座郡寒川町,神奈川県高座郡寒川町,7
愛知県,稲沢市,愛知県稲沢市,7
大阪府,八尾市,大阪府八尾市,7
茨城県,稲敷郡阿見町,茨城県稲敷郡阿見町,7
埼玉県,比企郡嵐山町,埼玉県比企郡嵐山町,7
福島県,郡山市,福島県郡山市,7
大阪府,大阪市旭区,大阪府大阪市旭区,6
茨城県,石岡市,茨城県石岡市,6
長野県,諏訪市,長野県諏訪市,6
茨城県,水戸市,茨城県水戸市,6
熊本県,熊本市東区,熊本県熊本市東区,6
埼玉県,入間郡越生町,埼玉県入間郡越生町,6
秋田県,秋田市,秋田県秋田市,6
三重県,桑名市,三重県桑名市,6
沖縄県,沖縄市,沖縄県沖縄市,6
兵庫県,神戸市北区,兵庫県神戸市北区,6
兵庫県,明石市,兵庫県明石市,6
鹿児島県,鹿児島市,鹿児島県鹿児島市,6
大阪府,大阪市港区,大阪府大阪市港区,6
茨城県,笠間市,茨城県笠間市,6
大阪府,堺市南区,大阪府堺市南区,6
神奈川県,足柄下郡箱根町,神奈川県足柄下郡箱根町,6
静岡県,三島市,静岡県三島市,6
愛知県,名古屋市南区,愛知県名古屋市南区,6
千葉県,鴨川市,千葉県鴨川市,6
石川県,金沢市,石川県金沢市,6
茨城県,那珂市,茨城県那珂市,6
愛知県,豊橋市,愛知県豊橋市,6
愛媛県,松山市,愛媛県松山市,6
静岡県,浜松市西区,静岡県浜松市西区,6
静岡県,熱海市,静岡県熱海市,6
香川県,高松市,香川県高松市,6
茨城県,ひたちなか市,茨城県ひたちなか市,6
長野県,松本市,長野県松本市,6
愛知県,豊明市,愛知県豊明市,6
大阪府,泉大津市,大阪府泉大津市,6
神奈川県,中郡大磯町,神奈川県中郡大磯町,6
大阪府,枚方市,大阪府枚方市,6
京都府,京都市左京区,京都府京都市左京区,6
北海道,札幌市東区,北海道札幌市東区,6
愛知県,,愛知県,6
静岡県,静岡市清水区,静岡県静岡市清水区,6
東京都,小笠原村,東京都小笠原村,6
大阪府,堺市東区,大阪府堺市東区,6
愛知県,名古屋市港区,愛知県名古屋市港区,6
群馬県,伊勢崎市,群馬県伊勢崎市,6
兵庫県,芦屋市,兵庫県芦屋市,6
愛知県,瀬戸市,愛知県瀬戸市,6
京都府,京都市上京区,京都府京都市上京区,6
山形県,山形市,山形県山形市,6
千葉県,富里市,千葉県富里市,6
福岡県,福岡市南区,福岡県福岡市南区,6
茨城県,神栖市,茨城県神栖市,6
静岡県,伊東市,静岡県伊東市,5
茨城県,結城市,茨城県結城市,5
滋賀県,守山市,滋賀県守山市,5
京都府,京都市北区,京都府京都市北区,5
群馬県,藤岡市,群馬県藤岡市,5
福岡県,久留米市,福岡県久留米市,5
京都府,,京都府,5
栃木県,佐野市,栃木県佐野市,5
福島県,福島市,福島県福島市,5
埼玉県,比企郡滑川町,埼玉県比企郡滑川町,5
茨城県,潮来市,茨城県潮来市,5
宮城県,,宮城県,5
宮城県,仙台市泉区,宮城県仙台市泉区,5
奈良県,橿原市,奈良県橿原市,5
奈良県,大和郡山市,奈良県大和郡山市,5
京都府,木津川市,京都府木津川市,5
神奈川県,足柄下郡湯河原町,神奈川県足柄下郡湯河原町,5
愛知県,名古屋市西区,愛知県名古屋市西区,5
愛知県,清須市,愛知県清須市,5
広島県,福山市,広島県福山市,5
新潟県,,新潟県,5
埼玉県,比企郡川島町,埼玉県比企郡川島町,5
三重県,鈴鹿市,三重県鈴鹿市,5
静岡県,御殿場市,静岡県御殿場市,5
愛知県,名古屋市瑞穂区,愛知県名古屋市瑞穂区,5
大阪府,大阪市福島区,大阪府大阪市福島区,5
京都府,京都市中京区,京都府京都市中京区,5
兵庫県,神戸市灘区,兵庫県神戸市灘区,5
静岡県,駿東郡長泉町,静岡県駿東郡長泉町,5
長野県,岡谷市,長野県岡谷市,5
福岡県,古賀市,福岡県古賀市,5
京都府,京都市西京区,京都府京都市西京区,5
岩手県,花巻市,岩手県花巻市,5
大阪府,泉佐野市,大阪府泉佐野市,5
岡山県,倉敷市,岡山県倉敷市,5
長崎県,佐世保市,長崎県佐世保市,5
佐賀県,佐賀市,佐賀県佐賀市,5
大阪府,池田市,大阪府池田市,5
愛知県,東海市,愛知県東海市,5
大阪府,大阪市鶴見区,大阪府大阪市鶴見区,5
長野県,上伊那郡箕輪町,長野県上伊那郡箕輪町,5
大阪府,大阪狭山市,大阪府大阪狭山市,5
北海道,札幌市豊平区,北海道札幌市豊平区,5
福岡県,糸島市,福岡県糸島市,5
愛知県,豊川市,愛知県豊川市,5
兵庫県,小野市,兵庫県小野市,4
愛知県,愛知郡東郷町,愛知県愛知郡東郷町,4
群馬県,,群馬県,4
栃木県,栃木市,栃木県栃木市,4
埼玉県,本庄市,埼玉県本庄市,4
大阪府,大阪市都島区,大阪府大阪市都島区,4
愛知県,あま市,愛知県あま市,4
三重県,津市,三重県津市,4
北海道,札幌市白石区,北海道札幌市白石区,4
北海道,札幌市厚別区,北海道札幌市厚別区,4
北海道,札幌市北区,北海道札幌市北区,4
大阪府,堺市美原区,大阪府堺市美原区,4
大阪府,松原市,大阪府松原市,4
大阪府,泉南市,大阪府泉南市,4
大阪府,泉南郡熊取町,大阪府泉南郡熊取町,4
福岡県,北九州市八幡西区,福岡県北九州市八幡西区,4
愛知県,知多郡東浦町,愛知県知多郡東浦町,4
大分県,大分市,大分県大分市,4
静岡県,島田市,静岡県島田市,4
岐阜県,高山市,岐阜県高山市,4
長野県,,長野県,4
長野県,茅野市,長野県茅野市,4
岐阜県,大垣市,岐阜県大垣市,4
千葉県,印旛郡栄町,千葉県印旛郡栄町,4
福岡県,福津市,福岡県福津市,4
茨城県,常陸大宮市,茨城県常陸大宮市,4
茨城県,北相馬郡利根町,茨城県北相馬郡利根町,4
兵庫県,神戸市西区,兵庫県神戸市西区,4
岐阜県,多治見市,岐阜県多治見市,4
静岡県,浜松市東区,静岡県浜松市東区,4
愛知県,額田郡幸田町,愛知県額田郡幸田町,4
兵庫県,神戸市須磨区,兵庫県神戸市須磨区,4
大分県,日田市,大分県日田市,4
静岡県,田方郡函南町,静岡県田方郡函南町,4
沖縄県,浦添市,沖縄県浦添市,4
静岡県,,静岡県,4
福岡県,,福岡県,4
福岡県,福岡市早良区,福岡県福岡市早良区,4
福岡県,福岡市東区,福岡県福岡市東区,4
福岡県,福岡市西区,福岡県福岡市西区,4
大阪府,守口市,大阪府守口市,4
大阪府,高石市,大阪府高石市,4
大阪府,高槻市,大阪府高槻市,4
広島県,広島市南区,広島県広島市南区,4
広島県,広島市中区,広島県広島市中区,4
愛知県,尾張旭市,愛知県尾張旭市,4
埼玉県,南埼玉郡宮代町,埼玉県南埼玉郡宮代町,4
愛知県,津島市,愛知県津島市,4
愛知県,犬山市,愛知県犬山市,4
大阪府,箕面市,大阪府箕面市,4
熊本県,熊本市北区,熊本県熊本市北区,4
埼玉県,比企郡小川町,埼玉県比企郡小川町,4
沖縄県,石垣市,沖縄県石垣市,4
岡山県,岡山市北区,岡山県岡山市北区,4
茨城県,鹿嶋市,茨城県鹿嶋市,4
福岡県,大野城市,福岡県大野城市,4
愛知県,江南市,愛知県江南市,4
徳島県,徳島市,徳島県徳島市,4
千葉県,富津市,千葉県富津市,4
千葉県,東金市,千葉県東金市,4
京都府,宇治市,京都府宇治市,4
京都府,京都市東山区,京都府京都市東山区,4
滋賀県,栗東市,滋賀県栗東市,4
京都府,京都市南区,京都府京都市南区,4
滋賀県,彦根市,滋賀県彦根市,4
滋賀県,草津市,滋賀県草津市,4
岩手県,盛岡市,岩手県盛岡市,4
岩手県,一関市,岩手県一関市,4
山梨県,韮崎市,山梨県韮崎市,4
沖縄県,うるま市,沖縄県うるま市,4
山梨県,北杜市,山梨県北杜市,4
長野県,上伊那郡辰野町,長野県上伊那郡辰野町,4
愛知県,岩倉市,愛知県岩倉市,4
静岡県,伊豆の国市,静岡県伊豆の国市,4
愛知県,知立市,愛知県知立市,4
富山県,富山市,富山県富山市,4
青森県,八戸市,青森県八戸市,4
群馬県,桐生市,群馬県桐生市,4
埼玉県,大里郡寄居町,埼玉県大里郡寄居町,4
静岡県,浜松市南区,静岡県浜松市南区,3
栃木県,鹿沼市,栃木県鹿沼市,3
栃木県,下野市,栃木県下野市,3
北海道,函館市,北海道函館市,3
山梨県,中巨摩郡昭和町,山梨県中巨摩郡昭和町,3
福岡県,小郡市,福岡県小郡市,3
長野県,諏訪郡富士見町,長野県諏訪郡富士見町,3
福島県,会津若松市,福島県会津若松市,3
山梨県,,山梨県,3
長野県,伊那市,長野県伊那市,3
兵庫県,伊丹市,兵庫県伊丹市,3
兵庫県,加古川市,兵庫県加古川市,3
静岡県,駿東郡清水町,静岡県駿東郡清水町,3
愛知県,碧南市,愛知県碧南市,3
群馬県,みどり市,群馬県みどり市,3
群馬県,館林市,群馬県館林市,3
群馬県,邑楽郡邑楽町,群馬県邑楽郡邑楽町,3
長野県,北佐久郡軽井沢町,長野県北佐久郡軽井沢町,3
栃木県,大田原市,栃木県大田原市,3
千葉県,匝瑳市,千葉県匝瑳市,3
千葉県,大網白里市,千葉県大網白里市,3
山形県,東置賜郡川西町,山形県東置賜郡川西町,3
兵庫県,,兵庫県,3
茨城県,つくばみらい市,茨城県つくばみらい市,3
京都府,八幡市,京都府八幡市,3
静岡県,焼津市,静岡県焼津市,3
岐阜県,羽島市,岐阜県羽島市,3
愛知県,愛西市,愛知県愛西市,3
茨城県,常総市,茨城県常総市,3
山口県,防府市,山口県防府市,3
宮城県,石巻市,宮城県石巻市,3
静岡県,掛川市,静岡県掛川市,3
岐阜県,中津川市,岐阜県中津川市,3
静岡県,磐田市,静岡県磐田市,3
兵庫県,丹波篠山市,兵庫県丹波篠山市,3
岐阜県,羽島郡岐南町,岐阜県羽島郡岐南町,3
奈良県,生駒市,奈良県生駒市,3
愛知県,蒲郡市,愛知県蒲郡市,3
埼玉県,幸手市,埼玉県幸手市,3
愛知県,大府市,愛知県大府市,3
北海道,札幌市清田区,北海道札幌市清田区,3
宮城県,名取市,宮城県名取市,3
熊本県,熊本市西区,熊本県熊本市西区,3
青森県,弘前市,青森県弘前市,3
宮城県,岩沼市,宮城県岩沼市,3
山口県,山口市,山口県山口市,3
山口県,下関市,山口県下関市,3
北海道,野付郡別海町,北海道野付郡別海町,3
岩手県,北上市,岩手県北上市,3
福岡県,糟屋郡粕屋町,福岡県糟屋郡粕屋町,3
福岡県,春日市,福岡県春日市,3
千葉県,君津市,千葉県君津市,3
宮城県,宮城郡利府町,宮城県宮城郡利府町,3
長野県,長野市,長野県長野市,3
埼玉県,北足立郡伊奈町,埼玉県北足立郡伊奈町,3
和歌山県,和歌山市,和歌山県和歌山市,3
佐賀県,武雄市,佐賀県武雄市,3
群馬県,佐波郡玉村町,群馬県佐波郡玉村町,3
群馬県,渋川市,群馬県渋川市,3
神奈川県,中郡二宮町,神奈川県中郡二宮町,3
愛知県,知多郡武豊町,愛知県知多郡武豊町,3
大阪府,貝塚市,大阪府貝塚市,3
福岡県,北九州市八幡東区,福岡県北九州市八幡東区,3
京都府,向日市,京都府向日市,3
宮崎県,宮崎市,宮崎県宮崎市,3
広島県,広島市西区,広島県広島市西区,3
岡山県,総社市,岡山県総社市,3
岡山県,岡山市南区,岡山県岡山市南区,3
埼玉県,比企郡ときがわ町,埼玉県比企郡ときがわ町,3
熊本県,合志市,熊本県合志市,3
千葉県,銚子市,千葉県銚子市,3
兵庫県,神戸市長田区,兵庫県神戸市長田区,3
茨城県,東茨城郡茨城町,茨城県東茨城郡茨城町,3
岐阜県,海津市,岐阜県海津市,3
愛知県,北名古屋市,愛知県北名古屋市,3
福島県,南相馬市,福島県南相馬市,3
愛知県,半田市,愛知県半田市,3
熊本県,熊本市中央区,熊本県熊本市中央区,3
新潟県,新潟市江南区,新潟県新潟市江南区,3
鳥取県,米子市,鳥取県米子市,3
福岡県,鞍手郡鞍手町,福岡県鞍手郡鞍手町,3
島根県,松江市,島根県松江市,3
香川県,丸亀市,香川県丸亀市,3
岡山県,岡山市中区,岡山県岡山市中区,3
神奈川県,南足柄市,神奈川県南足柄市,3
愛知県,知多市,愛知県知多市,3
北海道,札幌市西区,北海道札幌市西区,3
埼玉県,児玉郡美里町,埼玉県児玉郡美里町,3
埼玉県,児玉郡神川町,埼玉県児玉郡神川町,3
福島県,,福島県,3
千葉県,山武市,千葉県山武市,3
北海道,寿都郡黒松内町,北海道寿都郡黒松内町,2
奈良県,北葛城郡王寺町,奈良県北葛城郡王寺町,2
大阪府,富田林市,大阪府富田林市,2
三重県,多気郡多気町,三重県多気郡多気町,2
長野県,飯田市,長野県飯田市,2
長野県,上伊那郡宮田村,長野県上伊那郡宮田村,2
岩手県,紫波郡矢巾町,岩手県紫波郡矢巾町,2
北海道,札幌市手稲区,北海道札幌市手稲区,2
大阪府,河内長野市,大阪府河内長野市,2
三重県,北牟婁郡紀北町,三重県北牟婁郡紀北町,2
滋賀県,,滋賀県,2
大阪府,柏原市,大阪府柏原市,2
三重県,伊勢市,三重県伊勢市,2
群馬県,邑楽郡大泉町,群馬県邑楽郡大泉町,2
山形県,米沢市,山形県米沢市,2
福岡県,宗像市,福岡県宗像市,2
東京都,八丈島八丈町,東京都八丈島八丈町,2
山形県,南陽市,山形県南陽市,2
福岡県,柳川市,福岡県柳川市,2
沖縄県,,沖縄県,2
栃木県,真岡市,栃木県真岡市,2
山梨県,南巨摩郡富士川町,山梨県南巨摩郡富士川町,2
静岡県,浜松市浜北区,静岡県浜松市浜北区,2
静岡県,浜松市中央区,静岡県浜松市中央区,2
埼玉県,児玉郡上里町,埼玉県児玉郡上里町,2
北海道,亀田郡七飯町,北海道亀田郡七飯町,2
栃木県,日光市,栃木県日光市,2
沖縄県,宜野湾市,沖縄県宜野湾市,2
大阪府,泉北郡忠岡町,大阪府泉北郡忠岡町,2
岐阜県,恵那市,岐阜県恵那市,2
佐賀県,嬉野市,佐賀県嬉野市,2
福岡県,糟屋郡志免町,福岡県糟屋郡志免町,2
兵庫県,神戸市垂水区,兵庫県神戸市垂水区,2
茨城県,下妻市,茨城県下妻市,2
茨城県,鉾田市,茨城県鉾田市,2
京都府,亀岡市,京都府亀岡市,2
富山県,射水市,富山県射水市,2
兵庫県,加古郡稲美町,兵庫県加古郡稲美町,2
福井県,福井市,福井県福井市,2
広島県,広島市佐伯区,広島県広島市佐伯区,2
愛媛県,新居浜市,愛媛県新居浜市,2
兵庫県,神戸市兵庫区,兵庫県神戸市兵庫区,2
北海道,虻田郡倶知安町,北海道虻田郡倶知安町,2
秋田県,大仙市,秋田県大仙市,2
広島県,広島市安佐南区,広島県広島市安佐南区,2
大阪府,摂津市,大阪府摂津市,2
大阪府,交野市,大阪府交野市,2
北海道,千歳市,北海道千歳市,2
青森県,青森市,青森県青森市,2
千葉県,山武郡芝山町,千葉県山武郡芝山町,2
和歌山県,岩出市,和歌山県岩出市,2
兵庫県,川西市,兵庫県川西市,2
新潟県,新潟市秋葉区,新潟県新潟市秋葉区,2
鹿児島県,曽於市,鹿児島県曽於市,2
長野県,上田市,長野県上田市,2
神奈川県,足柄上郡大井町,神奈川県足柄上郡大井町,2
愛知県,丹羽郡扶桑町,愛知県丹羽郡扶桑町,2
栃木県,那須塩原市,栃木県那須塩原市,2
滋賀県,近江八幡市,滋賀県近江八幡市,2
栃木県,那須郡那須町,栃木県那須郡那須町,2
宮城県,塩竈市,宮城県塩竈市,2
群馬県,利根郡みなかみ町,群馬県利根郡みなかみ町,2
群馬県,北群馬郡吉岡町,群馬県北群馬郡吉岡町,2
京都府,久世郡久御山町,京都府久世郡久御山町,2
京都府,相楽郡精華町,京都府相楽郡精華町,2
広島県,呉市,広島県呉市,2
愛知県,高浜市,愛知県高浜市,2
広島県,廿日市市,広島県廿日市市,2
京都府,城陽市,京都府城陽市,2
福岡県,飯塚市,福岡県飯塚市,2
岐阜県,羽島郡笠松町,岐阜県羽島郡笠松町,2
愛知県,常滑市,愛知県常滑市,2
京都府,京田辺市,京都府京田辺市,2
奈良県,天理市,奈良県天理市,2
岩手県,,岩手県,2
栃木県,下都賀郡壬生町,栃木県下都賀郡壬生町,2
三重県,いなべ市,三重県いなべ市,2
東京都,神津島村,東京都神津島村,2
滋賀県,湖南市,滋賀県湖南市,2
滋賀県,甲賀市,滋賀県甲賀市,2
福岡県,筑紫郡那珂川町,福岡県筑紫郡那珂川町,2
茨城県,常陸太田市,茨城県常陸太田市,2
三重県,亀山市,三重県亀山市,2
兵庫県,高砂市,兵庫県高砂市,2
福岡県,北九州市小倉南区,福岡県北九州市小倉南区,2
宮城県,亘理郡亘理町,宮城県亘理郡亘理町,2
福岡県,北九州市小倉北区,福岡県北九州市小倉北区,2
岡山県,赤磐市,岡山県赤磐市,2
北海道,札幌市南区,北海道札幌市南区,2
岡山県,浅口市,岡山県浅口市,2
宮城県,白石市,宮城県白石市,2
福島県,二本松市,福島県二本松市,2
鹿児島県,姶良市,鹿児島県姶良市,2
愛知県,弥富市,愛知県弥富市,2
兵庫県,三田市,兵庫県三田市,2
北海道,,北海道,2
岡山県,高梁市,岡山県高梁市,2
熊本県,上益城郡嘉島町,熊本県上益城郡嘉島町,2
愛知県,海部郡大治町,愛知県海部郡大治町,2
佐賀県,小城市,佐賀県小城市,2
宮崎県,北諸県郡三股町,宮崎県北諸県郡三股町,2
静岡県,伊豆市,静岡県伊豆市,2
大阪府,寝屋川市,大阪府寝屋川市,2
兵庫県,姫路市,兵庫県姫路市,2
埼玉県,秩父郡長瀞町,埼玉県秩父郡長瀞町,2
福岡県,朝倉郡筑前町,福岡県朝倉郡筑前町,2
宮城県,多賀城市,宮城県多賀城市,2
福岡県,遠賀郡岡垣町,福岡県遠賀郡岡垣町,2
福岡県,那珂川市,福岡県那珂川市,2
愛知県,西春日井郡豊山町,愛知県西春日井郡豊山町,2
福岡県,北九州市若松区,福岡県北九州市若松区,2
岐阜県,可児市,岐阜県可児市,2
三重県,松阪市,三重県松阪市,2
茨城県,稲敷郡美浦村,茨城県稲敷郡美浦村,2
福島県,白河市,福島県白河市,2
大阪府,阪南市,大阪府阪南市,2
福岡県,糟屋郡新宮町,福岡県糟屋郡新宮町,2
岡山県,岡山市東区,岡山県岡山市東区,2
鳥取県,鳥取市,鳥取県鳥取市,2
埼玉県,比企郡吉見町,埼玉県比企郡吉見町,2
香川県,坂出市,香川県坂出市,2
愛媛県,今治市,愛媛県今治市,2
京都府,福知山市,京都府福知山市,2
千葉県,旭市,千葉県旭市,2
岡山県,瀬戸内市,岡山県瀬戸内市,2
岐阜県,瑞穂市,岐阜県瑞穂市,2
岡山県,真庭市,岡山県真庭市,2
香川県,綾歌郡綾川町,香川県綾歌郡綾川町,2
愛媛県,東温市,愛媛県東温市,2
愛媛県,四国中央市,愛媛県四国中央市,2
秋田県,能代市,秋田県能代市,2
静岡県,浜松市北区,静岡県浜松市北区,2
沖縄県,八重山郡竹富町,沖縄県八重山郡竹富町,2
北海道,旭川市,北海道旭川市,2
茨城県,行方市,茨城県行方市,2
埼玉県,秩父郡横瀬町,埼玉県秩父郡横瀬町,2
熊本県,熊本市南区,熊本県熊本市南区,2
広島県,広島市東区,広島県広島市東区,2
福岡県,福岡市城南区,福岡県福岡市城南区,2
山形県,最上郡最上町,山形県最上郡最上町,2
香川県,観音寺市,香川県観音寺市,2
広島県,安芸郡府中町,広島県安芸郡府中町,2
佐賀県,鳥栖市,佐賀県鳥栖市,2
茨城県,北茨城市,茨城県北茨城市,2
埼玉県,秩父郡皆野町,埼玉県秩父郡皆野町,2
高知県,高知市,高知県高知市,2
福島県,田村市,福島県田村市,2
茨城県,稲敷市,茨城県稲敷市,2
新潟県,長岡市,新潟県長岡市,2
鹿児島県,枕崎市,鹿児島県枕崎市,2
富山県,,富山県,2
高知県,南国市,高知県南国市,2
長野県,諏訪郡原村,長野県諏訪郡原村,2
長野県,諏訪郡下諏訪町,長野県諏訪郡下諏訪町,2
山梨県,山梨市,山梨県山梨市,2
山梨県,大月市,山梨県大月市,2
北海道,岩見沢市,北海道岩見沢市,2
福井県,,福井県,2
宮城県,黒川郡大和町,宮城県黒川郡大和町,1
石川県,,石川県,1
富山県,中新川郡立山町,富山県中新川郡立山町,1
沖縄県,豊見城市,沖縄県豊見城市,1
新潟県,妙高市,新潟県妙高市,1
新潟県,村上市,新潟県村上市,1
石川県,珠洲市,石川県珠洲市,1
奈良県,,奈良県,1
静岡県,浜松市天竜区,静岡県浜松市天竜区,1
北海道,小樽市,北海道小樽市,1
奈良県,御所市,奈良県御所市,1
栃木県,河内郡上三川町,栃木県河内郡上三川町,1
石川県,白山市,石川県白山市,1
石川県,野々市市,石川県野々市市,1
千葉県,館山市,千葉県館山市,1
北海道,北広島市,北海道北広島市,1
北海道,空知郡南幌町,北海道空知郡南幌町,1
山梨県,南都留郡富士河口湖町,山梨県南都留郡富士河口湖町,1
山梨県,西八代郡市川三郷町,山梨県西八代郡市川三郷町,1
高知県,須崎市,高知県須崎市,1
新潟県,新発田市,新潟県新発田市,1
新潟県,佐渡市,新潟県佐渡市,1
新潟県,阿賀野市,新潟県阿賀野市,1
石川県,鳳珠郡穴水町,石川県鳳珠郡穴水町,1
石川県,羽咋市,石川県羽咋市,1
佐賀県,三養基郡みやき町,佐賀県三養基郡みやき町,1
北海道,帯広市,北海道帯広市,1
大分県,玖珠郡玖珠町,大分県玖珠郡玖珠町,1
大分県,由布市,大分県由布市,1
兵庫県,赤穂市,兵庫県赤穂市,1
静岡県,湖西市,静岡県湖西市,1
島根県,益田市,島根県益田市,1
愛知県,知多郡美浜町,愛知県知多郡美浜町,1
長野県,須坂市,長野県須坂市,1
静岡県,袋井市,静岡県袋井市,1
岐阜県,可児郡御嵩町,岐阜県可児郡御嵩町,1
島根県,隠岐郡知夫村,島根県隠岐郡知夫村,1
福島県,田村郡小野町,福島県田村郡小野町,1
福島県,石川郡石川町,福島県石川郡石川町,1
福島県,田村郡三春町,福島県田村郡三春町,1
福島県,石川郡古殿町,福島県石川郡古殿町,1
長野県,安曇野市,長野県安曇野市,1
群馬県,邑楽郡明和町,群馬県邑楽郡明和町,1
三重県,名張市,三重県名張市,1
兵庫県,川辺郡猪名川町,兵庫県川辺郡猪名川町,1
岐阜県,土岐市,岐阜県土岐市,1
青森県,,青森県,1
福岡県,八女市,福岡県八女市,1
北海道,富良野市,北海道富良野市,1
宮城県,柴田郡柴田町,宮城県柴田郡柴田町,1
宮城県,宮城郡松島町,宮城県宮城郡松島町,1
福島県,石川郡平田村,福島県石川郡平田村,1
福島県,双葉郡大熊町,福島県双葉郡大熊町,1
福岡県,筑後市,福岡県筑後市,1
茨城県,かすみがうら市,茨城県かすみがうら市,1
群馬県,吾妻郡嬬恋村,群馬県吾妻郡嬬恋村,1
大阪府,南河内郡太子町,大阪府南河内郡太子町,1
熊本県,,熊本県,1
沖縄県,島尻郡与那原町,沖縄県島尻郡与那原町,1
千葉県,勝浦市,千葉県勝浦市,1
京都府,綴喜郡井手町,京都府綴喜郡井手町,1
岡山県,加賀郡吉備中央町,岡山県加賀郡吉備中央町,1
滋賀県,野洲市,滋賀県野洲市,1
佐賀県,鹿島市,佐賀県鹿島市,1
山口県,萩市,山口県萩市,1
山口県,周南市,山口県周南市,1
山形県,西村山郡大江町,山形県西村山郡大江町,1
大阪府,三島郡島本町,大阪府三島郡島本町,1
熊本県,水俣市,熊本県水俣市,1
滋賀県,米原市,滋賀県米原市,1
千葉県,いすみ市,千葉県いすみ市,1
茨城県,東茨城郡大洗町,茨城県東茨城郡大洗町,1
広島県,尾道市,広島県尾道市,1
滋賀県,長浜市,滋賀県長浜市,1
滋賀県,東近江市,滋賀県東近江市,1
鳥取県,西伯郡日吉津村,鳥取県西伯郡日吉津村,1
岡山県,備前市,岡山県備前市,1
福岡県,直方市,福岡県直方市,1
山口県,光市,山口県光市,1
沖縄県,宮古島市,沖縄県宮古島市,1
大阪府,藤井寺市,大阪府藤井寺市,1
佐賀県,多久市,佐賀県多久市,1
茨城県,猿島郡五霞町,茨城県猿島郡五霞町,1
滋賀県,蒲生郡竜王町,滋賀県蒲生郡竜王町,1
滋賀県,愛知郡愛荘町,滋賀県愛知郡愛荘町,1
山形県,新庄市,山形県新庄市,1
山形県,最上郡戸沢村,山形県最上郡戸沢村,1
山形県,最上郡舟形町,山形県最上郡舟形町,1
山形県,東根市,山形県東根市,1
山形県,天童市,山形県天童市,1
徳島県,阿南市,徳島県阿南市,1
山梨県,中央市,山梨県中央市,1
群馬県,邑楽郡千代田町,群馬県邑楽郡千代田町,1
福島県,双葉郡富岡町,福島県双葉郡富岡町,1
福島県,東白川郡矢祭町,福島県東白川郡矢祭町,1
福島県,石川郡浅川町,福島県石川郡浅川町,1
宮城県,宮城郡七ヶ浜町,宮城県宮城郡七ヶ浜町,1
福島県,大沼郡三島町,福島県大沼郡三島町,1
福島県,西白河郡中島村,福島県西白河郡中島村,1
福岡県,糟屋郡篠栗町,福岡県糟屋郡篠栗町,1
長崎県,東彼杵郡川棚町,長崎県東彼杵郡川棚町,1
大阪府,四條畷市,大阪府四條畷市,1
鳥取県,八頭郡八頭町,鳥取県八頭郡八頭町,1
鳥取県,東伯郡湯梨浜町,鳥取県東伯郡湯梨浜町,1
鳥取県,倉吉市,鳥取県倉吉市,1
鳥取県,東伯郡北栄町,鳥取県東伯郡北栄町,1
千葉県,香取郡神崎町,千葉県香取郡神崎町,1
福島県,河沼郡会津坂下町,福島県河沼郡会津坂下町,1
茨城県,坂東市,茨城県坂東市,1
福岡県,北九州市門司区,福岡県北九州市門司区,1
山口県,美祢市,山口県美祢市,1
山口県,山陽小野田市,山口県山陽小野田市,1
佐賀県,伊万里市,佐賀県伊万里市,1
長崎県,松浦市,長崎県松浦市,1
岡山県,小田郡矢掛町,岡山県小田郡矢掛町,1
福岡県,北九州市戸畑区,福岡県北九州市戸畑区,1
神奈川県,足柄下郡真鶴町,神奈川県足柄下郡真鶴町,1
熊本県,菊池郡菊陽町,熊本県菊池郡菊陽町,1
宮崎県,延岡市,宮崎県延岡市,1
沖縄県,名護市,沖縄県名護市,1
福岡県,太宰府市,福岡県太宰府市,1
富山県,高岡市,富山県高岡市,1
静岡県,賀茂郡西伊豆町,静岡県賀茂郡西伊豆町,1
大阪府,泉南郡岬町,大阪府泉南郡岬町,1
山口県,宇部市,山口県宇部市,1
鹿児島県,日置市,鹿児島県日置市,1
宮崎県,都城市,宮崎県都城市,1
宮崎県,串間市,宮崎県串間市,1
群馬県,沼田市,群馬県沼田市,1
鹿児島県,鹿屋市,鹿児島県鹿屋市,1
鹿児島県,南九州市,鹿児島県南九州市,1
鹿児島県,薩摩川内市,鹿児島県薩摩川内市,1
鹿児島県,いちき串木野市,鹿児島県いちき串木野市,1
静岡県,浜松市浜名区,静岡県浜松市浜名区,1
埼玉県,秩父市,埼玉県秩父市,1
香川県,小豆郡小豆島町,香川県小豆郡小豆島町,1
沖縄県,国頭郡本部町,沖縄県国頭郡本部町,1
福岡県,朝倉市,福岡県朝倉市,1
新潟県,五泉市,新潟県五泉市,1
徳島県,吉野川市,徳島県吉野川市,1
徳島県,鳴門市,徳島県鳴門市,1
富山県,黒部市,富山県黒部市,1
北海道,河東郡音更町,北海道河東郡音更町,1
北海道,二海郡八雲町,北海道二海郡八雲町,1
山口県,下松市,山口県下松市,1
兵庫県,加西市,兵庫県加西市,1
和歌山県,東牟婁郡串本町,和歌山県東牟婁郡串本町,1
沖縄県,南城市,沖縄県南城市,1
徳島県,板野郡藍住町,徳島県板野郡藍住町,1
新潟県,南魚沼郡湯沢町,新潟県南魚沼郡湯沢町,1
福岡県,遠賀郡遠賀町,福岡県遠賀郡遠賀町,1
山口県,大島郡周防大島町,山口県大島郡周防大島町,1
香川県,木田郡三木町,香川県木田郡三木町,1
富山県,砺波市,富山県砺波市,1
静岡県,賀茂郡南伊豆町,静岡県賀茂郡南伊豆町,1
兵庫県,朝来市,兵庫県朝来市,1
宮崎県,日南市,宮崎県日南市,1
鹿児島県,志布志市,鹿児島県志布志市,1
鹿児島県,霧島市,鹿児島県霧島市,1
鹿児島県,垂水市,鹿児島県垂水市,1
鹿児島県,肝属郡肝付町,鹿児島県肝属郡肝付町,1
福岡県,糟屋郡宇美町,福岡県糟屋郡宇美町,1
福井県,鯖江市,福井県鯖江市,1
福井県,越前市,福井県越前市,1
兵庫県,豊岡市,兵庫県豊岡市,1
長野県,佐久市,長野県佐久市,1
長野県,南佐久郡佐久穂町,長野県南佐久郡佐久穂町,1
和歌山県,海南市,和歌山県海南市,1
静岡県,駿東郡小山町,静岡県駿東郡小山町,1
鹿児島県,曽於郡大崎町,鹿児島県曽於郡大崎町,1
鹿児島県,指宿市,鹿児島県指宿市,1
佐賀県,唐津市,佐賀県唐津市,1
福岡県,嘉麻市,福岡県嘉麻市,1
福島県,双葉郡川内村,福島県双葉郡川内村,1
茨城県,日立市,茨城県日立市,1
福島県,西白河郡矢吹町,福島県西白河郡矢吹町,1
宮城県,富谷市,宮城県富谷市,1
福島県,本宮市,福島県本宮市,1
福島県,須賀川市,福島県須賀川市,1
長野県,北佐久郡御代田町,長野県北佐久郡御代田町,1
宮城県,加美郡加美町,宮城県加美郡加美町,1
鹿児島県,肝属郡錦江町,鹿児島県肝属郡錦江町,1
鹿児島県,肝属郡東串良町,鹿児島県肝属郡東串良町,1
宮城県,大崎市,宮城県大崎市,1
福島県,耶麻郡猪苗代町,福島県耶麻郡猪苗代町,1
宮城県,気仙沼市,宮城県気仙沼市,1
宮城県,本吉郡南三陸町,宮城県本吉郡南三陸町,1
宮城県,登米市,宮城県登米市,1
宮城県,栗原市,宮城県栗原市,1
奈良県,生駒郡安堵町,奈良県生駒郡安堵町,1
三重県,伊賀市,三重県伊賀市,1
三重県,度会郡度会町,三重県度会郡度会町,1
茨城県,結城郡八千代町,茨城県結城郡八千代町,1
茨城県,高萩市,茨城県高萩市,1
長野県,上伊那郡飯島町,長野県上伊那郡飯島町,1
長野県,上伊那郡南箕輪村,長野県上伊那郡南箕輪村,1
長野県,上伊那郡中川村,長野県上伊那郡中川村,1
福岡県,築上郡築上町,福岡県築上郡築上町,1
京都府,長岡京市,京都府長岡京市,1
奈良県,磯城郡川西町,奈良県磯城郡川西町,1
奈良県,山辺郡山添村,奈良県山辺郡山添村,1
福岡県,遠賀郡水巻町,福岡県遠賀郡水巻町,1
沖縄県,島尻郡南風原町,沖縄県島尻郡南風原町,1
愛知県,海部郡蟹江町,愛知県海部郡蟹江町,1
三重県,志摩市,三重県志摩市,1
群馬県,北群馬郡榛東村,群馬県北群馬郡榛東村,1
群馬県,邑楽郡板倉町,群馬県邑楽郡板倉町,1
京都府,乙訓郡大山崎町,京都府乙訓郡大山崎町,1
愛知県,みよし市,愛知県みよし市,1
奈良県,生駒郡斑鳩町,奈良県生駒郡斑鳩町,1
北海道,恵庭市,北海道恵庭市,1
長野県,下高井郡木島平村,長野県下高井郡木島平村,1
栃木県,矢板市,栃木県矢板市,1
佐賀県,神埼郡吉野ヶ里町,佐賀県神埼郡吉野ヶ里町,1
奈良県,吉野郡吉野町,奈良県吉野郡吉野町,1
新潟県,新潟市東区,新潟県新潟市東区,1
兵庫県,神崎郡福崎町,兵庫県神崎郡福崎町,1
広島県,安芸郡海田町,広島県安芸郡海田町,1
広島県,広島市安芸区,広島県広島市安芸区,1
佐賀県,杵島郡江北町,佐賀県杵島郡江北町,1
愛媛県,西条市,愛媛県西条市,1
愛知県,丹羽郡大口町,愛知県丹羽郡大口町,1
兵庫県,加東市,兵庫県加東市,1
長野県,千曲市,長野県千曲市,1
三重県,員弁郡東員町,三重県員弁郡東員町,1
岡山県,美作市,岡山県美作市,1
三重県,三重郡朝日町,三重県三重郡朝日町,1
三重県,桑名郡木曽岬町,三重県桑名郡木曽岬町,1
岡山県,苫田郡鏡野町,岡山県苫田郡鏡野町,1
三重県,鳥羽市,三重県鳥羽市,1
山形県,東田川郡庄内町,山形県東田川郡庄内町,1
三重県,度会郡玉城町,三重県度会郡玉城町,1
三重県,多気郡明和町,三重県多気郡明和町,1
三重県,度会郡大紀町,三重県度会郡大紀町,1
佐賀県,杵島郡大町町,佐賀県杵島郡大町町,1
佐賀県,杵島郡白石町,佐賀県杵島郡白石町,1
千葉県,長生郡長南町,千葉県長生郡長南町,1
福島県,耶麻郡磐梯町,福島県耶麻郡磐梯町,1
福島県,安達郡大玉村,福島県安達郡大玉村,1
岩手県,遠野市,岩手県遠野市,1
福島県,大沼郡会津美里町,福島県大沼郡会津美里町,1
福島県,西白河郡西郷村,福島県西白河郡西郷村,1
福島県,喜多方市,福島県喜多方市,1
滋賀県,蒲生郡日野町,滋賀県蒲生郡日野町,1
奈良県,吉野郡下北山村,奈良県吉野郡下北山村,1
長野県,下伊那郡松川町,長野県下伊那郡松川町,1
長野県,下伊那郡高森町,長野県下伊那郡高森町,1
長野県,下伊那郡豊丘村,長野県下伊那郡豊丘村,1
東京都,利島村,東京都利島村,1
静岡県,牧之原市,静岡県牧之原市,1
富山県,滑川市,富山県滑川市,1
長野県,駒ヶ根市,長野県駒ヶ根市,1
福島県,耶麻郡西会津町,福島県耶麻郡西会津町,1
北海道,夕張郡由仁町,北海道夕張郡由仁町,1
北海道,夕張郡栗山町,北海道夕張郡栗山町,1
北海道,石狩郡新篠津村,北海道石狩郡新篠津村,1
北海道,勇払郡安平町,北海道勇払郡安平町,1
新潟県,新潟市北区,新潟県新潟市北区,1
新潟県,岩船郡関川村,新潟県岩船郡関川村,1
北海道,北見市,北海道北見市,1
石川県,能美市,石川県能美市,1
宮城県,遠田郡涌谷町,宮城県遠田郡涌谷町,1
岐阜県,下呂市,岐阜県下呂市,1
島根県,出雲市,島根県出雲市,1
奈良県,北葛城郡河合町,奈良県北葛城郡河合町,1
三重県,,三重県,1
和歌山県,,和歌山県,1
大阪府,泉南郡田尻町,大阪府泉南郡田尻町,1
青森県,上北郡おいらせ町,青森県上北郡おいらせ町,1
北海道,江別市,北海道江別市,1
鹿児島県,熊毛郡南種子町,鹿児島県熊毛郡南種子町,1
長野県,下伊那郡阿南町,長野県下伊那郡阿南町,1
沖縄県,中頭郡読谷村,沖縄県中頭郡読谷村,1
埼玉県,秩父郡小鹿野町,埼玉県秩父郡小鹿野町,1
奈良県,香芝市,奈良県香芝市,1
沖縄県,中頭郡北谷町,沖縄県中頭郡北谷町,1
石川県,七尾市,石川県七尾市,1
兵庫県,加古郡播磨町,兵庫県加古郡播磨町,1
奈良県,生駒郡三郷町,奈良県生駒郡三郷町,1
新潟県,三条市,新潟県三条市,1
静岡県,賀茂郡東伊豆町,静岡県賀茂郡東伊豆町,1
岩手県,奥州市,岩手県奥州市,1
岩手県,久慈市,岩手県久慈市,1
静岡県,下田市,静岡県下田市,1
青森県,三沢市,青森県三沢市,1
島根県,邑智郡美郷町,島根県邑智郡美郷町,1
島根県,浜田市,島根県浜田市,1
岡山県,津山市,岡山県津山市,1
岡山県,新見市,岡山県新見市,1
秋田県,雄勝郡羽後町,秋田県雄勝郡羽後町,1
秋田県,大館市,秋田県大館市,1
香川県,善通寺市,香川県善通寺市,1
香川県,三豊市,香川県三豊市,1
愛知県,田原市,愛知県田原市,1
長崎県,長崎市,長崎県長崎市,1
秋田県,男鹿市,秋田県男鹿市,1
佐賀県,三養基郡基山町,佐賀県三養基郡基山町,1
奈良県,桜井市,奈良県桜井市,1
埼玉県,比企郡鳩山町,埼玉県比企郡鳩山町,1
埼玉県,秩父郡東秩父村,埼玉県秩父郡東秩父村,1
新潟県,加茂市,新潟県加茂市,1
広島県,大竹市,広島県大竹市,1
福岡県,三潴郡大木町,福岡県三潴郡大木町,1
静岡県,菊川市,静岡県菊川市,1
新潟県,上越市,新潟県上越市,1
鹿児島県,奄美市,鹿児島県奄美市,1
愛知県,知多郡阿久比町,愛知県知多郡阿久比町,1
熊本県,上益城郡益城町,熊本県上益城郡益城町,1
熊本県,上益城郡御船町,熊本県上益城郡御船町,1
石川県,小松市,石川県小松市,1
長野県,塩尻市,長野県塩尻市,1
奈良県,北葛城郡上牧町,奈良県北葛城郡上牧町,1
山梨県,富士吉田市,山梨県富士吉田市,1
新潟県,新潟市西区,新潟県新潟市西区,1
山形県,東置賜郡高畠町,山形県東置賜郡高畠町,1
茨城県,桜川市,茨城県桜川市,1
千葉県,香取郡東庄町,千葉県香取郡東庄町,1
